use_layerwise_dropout_batchnorm,second_dense_units,padding,output_layer_activation,optimizer,num_layers,num_filters,learning_rate,l2_r,l1_r,growth_sequence,first_dense_units,filter_size,epochs,dropout_rate,dropout_T_bn_F,dense_activation,cnn_activation,batch_size,train_loss,train_accuracy,train_precision,train_recall,val_loss,val_accuracy,val_precision,val_recall,confusion_matrix
True,234,same,sigmoid,sgd,2,64,0.005,0.1,0.1,"[1, 2]",256,40,50,0.001,False,tanh,tanh,64,,,,,,,,,
True,188,same,sigmoid,sgd,3,74,0.01,0.01,0.0001,"[1, 1, 1]",258,52,50,0.001,False,tanh,tanh,48,,,,,,,,,
True,216,same,sigmoid,sgd,2,72,0.01,0.0001,0.001,"[1, 1]",276,44,50,0.2,False,relu,relu,48,0.434877067804,0.858109474182,0.948984563351,0.757694900036,0.669014215469,0.720410645008,0.991264402866,0.70388507843,"[[ 219   31]
 [ 913 2149]]"
True,208,same,sigmoid,sgd,2,78,0.0025,0.01,0.001,"[1, 2]",290,54,50,0.2,True,tanh,tanh,128,,,,,,,,,
False,254,same,sigmoid,sgd,1,74,0.0025,0.1,0.0001,[1],254,66,50,0.0,False,relu,tanh,128,,,,,,,,,
True,162,same,sigmoid,sgd,2,60,0.025,0.01,0.01,"[1, 4]",276,58,50,0.2,False,tanh,relu,48,1.69020557404,0.704682648182,0.873970687389,0.47652515769,1.48693418503,0.877235531807,0.292105287313,0.449392735958,"[[2787  275]
 [ 140  110]]"
False,212,same,sigmoid,sgd,1,76,0.025,0.0001,0.001,[1],262,62,50,0.1,True,relu,relu,48,0.509603440762,0.779570698738,0.833032310009,0.697852671146,0.455758988857,0.809782624245,0.229344725609,0.644000053406,"[[2520  542]
 [  89  161]]"
False,200,same,sigmoid,sgd,2,62,0.01,0.01,0.0001,"[1, 2]",258,52,50,0.0,False,relu,tanh,64,0.520011842251,0.794611573219,0.814434051514,0.761688649654,0.460914701223,0.803185105324,0.236979171634,0.725099623203,"[[2472  602]
 [  81  173]]"
True,248,same,sigmoid,sgd,2,68,0.005,0.01,0.1,"[1, 1]",264,68,50,0.001,True,relu,relu,256,8.87930965424,0.501416027546,0.0,0.0,8.87895202637,0.924278855324,0.0,0.0,"[[3074    0]
 [ 254    0]]"
True,152,same,sigmoid,sgd,2,60,0.005,0.1,0.001,"[1, 1]",292,50,50,0.0,True,relu,relu,128,1.10004842281,0.545098364353,0.785578131676,0.120698913932,1.09966397285,0.899038493633,0.204225346446,0.115079373121,"[[2956  118]
 [ 225   29]]"
True,252,same,sigmoid,sgd,3,62,0.0001,0.001,0.01,"[1, 1, 1]",296,40,50,0.0,False,tanh,tanh,64,16.6213722229,0.834039151669,0.824133455753,0.847462594509,16.6866550446,0.777944743633,0.223094180226,0.81224489212,"[[2395  679]
 [  63  191]]"
True,196,same,sigmoid,sgd,2,68,0.01,0.0001,0.1,"[1, 2]",290,42,50,0.3,False,tanh,tanh,128,10.6147317886,0.528743207455,0.881000638008,0.0635920017958,10.5396947861,0.917968809605,0.297872334719,0.0551181100309,"[[2940   39]
 [ 232    8]]"
True,216,same,sigmoid,sgd,3,78,0.0025,0.001,0.1,"[1, 4, 8]",296,64,50,0.01,True,tanh,relu,256,176.007675171,0.501416027546,0.0,0.0,176.007369995,0.925781309605,0.0,0.0,"[[3074    0]
 [ 254    0]]"
True,250,same,sigmoid,sgd,3,74,0.05,0.0001,0.1,"[1, 2, 4]",292,46,50,0.3,True,relu,tanh,64,665.43560791,0.498685777187,0.498685777187,1.0,665.450622559,0.0772235617042,0.0772235617042,1.0,"[[   0 3074]
 [   0  254]]"
False,174,same,sigmoid,sgd,3,68,0.05,0.01,0.1,"[1, 2, 4]",276,66,50,0.2,True,tanh,tanh,256,759.386291504,0.498584002256,0.498584002256,1.0,759.411437988,0.0778245255351,0.0778245255351,1.0,"[[   0 3074]
 [   0  254]]"
True,182,same,sigmoid,sgd,1,62,0.01,0.1,0.1,[1],296,54,50,0.001,True,relu,tanh,64,1.19930458069,0.498685777187,0.498685777187,1.0,1.20139873028,0.0763221159577,0.0763221159577,1.0,"[[   0 3074]
 [   0  254]]"
True,236,same,sigmoid,sgd,1,70,0.025,0.1,0.001,[1],292,50,50,0.1,True,tanh,relu,48,0.694316089153,0.498478382826,0.498478382826,1.0,0.730085670948,0.0748792290688,0.0748792290688,1.0,"[[   0 3062]
 [   0  250]]"
False,250,same,sigmoid,sgd,1,64,0.0001,0.01,0.001,[1],272,44,50,0.1,False,tanh,relu,64,0.927990555763,0.620010733604,0.69317907095,0.427037596703,0.925476014614,0.771033704281,0.15675675869,0.456692904234,"[[2452  622]
 [ 147  107]]"
True,208,same,sigmoid,sgd,1,66,0.01,0.0001,0.001,[1],280,44,50,0.2,True,relu,relu,128,0.69276291132,0.678689658642,0.700638711452,0.621034681797,0.682474374771,0.711238026619,0.14995034039,0.58984375,"[[2226  848]
 [ 110  144]]"
True,286,same,sigmoid,sgd,3,66,0.01,0.01,0.01,"[1, 1, 1]",298,64,50,0.3,False,relu,relu,64,0.748329818249,0.834769308567,0.870637834072,0.785358726978,0.71531689167,0.859074532986,0.321131438017,0.759842514992,"[[2648  426]
 [  67  187]]"
True,276,same,sigmoid,sgd,1,76,0.05,0.0001,0.01,[1],294,62,50,0.01,False,relu,relu,128,0.443369984627,0.819996118546,0.96537476778,0.66226786375,0.343314170837,0.881911098957,0.330073356628,0.531496047974,"[[2795  279]
 [ 124  130]]"
False,226,same,sigmoid,sgd,2,78,0.01,0.001,0.001,"[1, 2]",280,64,50,0.2,False,relu,relu,64,4.42141866684,0.600053548813,0.571758687496,0.785686373711,4.42922115326,0.425781279802,0.0972289741039,0.787401556969,"[[1218 1856]
 [  56  198]]"
False,248,same,sigmoid,sgd,1,68,0.005,0.001,0.001,[1],298,60,50,0.0,True,relu,relu,256,0.907474458218,0.565014660358,0.750528931618,0.191068455577,0.905035376549,0.882885813713,0.237500011921,0.241525426507,"[[2843  231]
 [ 197   57]]"
False,158,same,sigmoid,sgd,1,64,0.005,0.1,0.1,[1],280,46,50,0.1,False,relu,relu,128,0.9164108634,0.501314282417,0.0,0.0,0.916328370571,0.921875059605,0.0,0.0,"[[3074    0]
 [ 254    0]]"
False,228,same,sigmoid,sgd,2,64,0.05,0.1,0.01,"[1, 1]",272,66,50,0.1,True,relu,relu,48,1.4065554142,0.498685777187,0.498685777187,1.0,1.42229402065,0.0748792290688,0.0748792290688,1.0,"[[   0 3062]
 [   0  250]]"
True,270,same,sigmoid,sgd,1,60,0.05,0.01,0.1,[1],270,64,50,0.1,True,tanh,tanh,256,1.47589480877,0.524609386921,0.884304225445,0.0535207130015,1.4743976593,0.921708166599,0.411764711142,0.0593220330775,"[[2839   22]
 [ 218   12]]"
False,264,same,sigmoid,sgd,3,76,0.01,0.1,0.1,"[1, 2, 4]",298,40,50,0.0,True,relu,relu,128,116.407615662,0.498685777187,0.498685777187,1.0,116.407577515,0.0757211595774,0.0757211595774,1.0,"[[   0 3074]
 [   0  254]]"
False,236,same,sigmoid,sgd,2,64,0.025,0.001,0.0001,"[1, 2]",268,46,50,0.01,False,relu,tanh,256,,,,,,,,,
True,232,same,sigmoid,adam,3,70,0.005,0.001,0.0001,"[1, 1, 1]",292,46,50,0.01,True,relu,tanh,64,1.19007968903,0.498685777187,0.498685777187,1.0,1.226552248,0.0763221159577,0.0763221159577,1.0,"[[   0 3074]
 [   0  254]]"
False,270,same,sigmoid,sgd,2,66,0.025,0.0001,0.0001,"[1, 2]",270,42,50,0.01,False,tanh,relu,256,1.00654566288,0.726342797279,0.74822640419,0.678052604198,0.996756494045,0.749699532986,0.182217344642,0.653543293476,"[[2314  760]
 [  96  158]]"
False,204,same,sigmoid,sgd,2,66,0.0001,0.0001,0.001,"[1, 2]",256,72,50,0.0,False,tanh,tanh,64,6.54069805145,0.62755548954,0.690600454807,0.458613991737,6.53762245178,0.758413493633,0.148148149252,0.458498030901,"[[2401  673]
 [ 145  109]]"
False,218,same,sigmoid,sgd,2,60,0.01,0.001,0.1,"[1, 2]",262,78,50,0.001,True,relu,tanh,48,29.1995239258,0.498685777187,0.498685777187,1.0,29.2016010284,0.0745772942901,0.0745772942901,1.0,"[[   0 3062]
 [   0  250]]"
True,202,same,sigmoid,sgd,1,78,0.025,0.0001,0.1,[1],264,46,50,0.001,False,tanh,tanh,128,1.36196517944,0.723763644695,0.765102207661,0.643226921558,1.31054139137,0.771935105324,0.191697180271,0.618110239506,"[[2400  674]
 [ 111  143]]"
False,188,same,sigmoid,sgd,1,72,0.025,0.01,0.001,[1],250,46,50,0.01,False,relu,relu,128,,,,,,,,,
False,206,same,sigmoid,sgd,2,78,0.0025,0.1,0.1,"[1, 2]",276,52,50,0.1,False,relu,tanh,128,,,,,,,,,
False,246,same,sigmoid,sgd,2,78,0.025,0.0001,0.0001,"[1, 2]",264,50,50,0.01,False,tanh,tanh,128,0.714322030544,0.760343670845,0.78419226408,0.716642320156,0.666010677814,0.781550526619,0.212636709213,0.688976347446,"[[2400  674]
 [ 103  151]]"
True,256,same,sigmoid,adam,2,60,0.005,0.001,0.0001,"[1, 2]",284,56,50,0.3,True,relu,tanh,128,0.506014049053,0.835012674332,0.824374258518,0.849792361259,0.633568048477,0.775540888309,0.229418218136,0.822834670544,"[[2360  714]
 [  61  193]]"
True,170,same,sigmoid,sgd,1,68,0.0025,0.001,0.01,[1],294,40,50,0.001,True,relu,tanh,64,1.47433757782,0.555225431919,0.69165366888,0.194714486599,1.47306096554,0.851964712143,0.134796246886,0.169960483909,"[[2801  273]
 [ 212   42]]"
True,256,same,sigmoid,sgd,1,72,0.025,0.01,0.01,[1],294,74,50,0.1,False,relu,tanh,128,0.396843492985,0.864218294621,0.914079427719,0.803221106529,0.519822180271,0.798677921295,0.22529643774,0.675889372826,"[[2471  603]
 [ 102  152]]"
False,182,same,sigmoid,sgd,3,64,0.01,0.01,0.0001,"[1, 1, 1]",256,48,50,0.1,True,tanh,relu,256,1.18586540222,0.740893542767,0.768901824951,0.686710417271,1.1449893713,0.7734375,0.202380955219,0.669291317463,"[[2158  703]
 [ 140   90]]"
False,192,same,sigmoid,adam,2,64,0.025,0.01,0.0001,"[1, 2]",296,68,50,0.01,True,relu,relu,48,1.03672325611,0.498685777187,0.498685777187,1.0,1.08098208904,0.0754830911756,0.0754830911756,1.0,"[[   0 3062]
 [   0  250]]"
True,250,same,sigmoid,sgd,2,60,0.01,0.01,0.0001,"[1, 4]",286,46,50,0.3,False,tanh,relu,128,0.834247112274,0.867041528225,0.972993433475,0.754319190979,0.727534174919,0.923377454281,0.498550742865,0.677165329456,"[[2900  174]
 [  81  173]]"
True,278,same,sigmoid,sgd,3,76,0.0001,0.001,0.001,"[1, 2, 4]",278,60,50,0.1,False,relu,tanh,128,,,,,,,,,
True,250,same,sigmoid,sgd,3,60,0.01,0.01,0.0001,"[1, 4, 8]",286,46,50,0.3,False,tanh,relu,128,2.68350458145,0.901285111904,0.915461599827,0.88365060091,2.74683308601,0.865985631943,0.338383823633,0.791338562965,"[[2663  411]
 [  73  181]]"
True,250,same,sigmoid,sgd,4,60,0.01,0.01,0.0001,"[1, 4, 8, 16]",286,46,50,0.3,False,tanh,relu,128,5.70429134369,0.887023031712,0.924424231052,0.842313349247,5.70185279846,0.879507243633,0.365630686283,0.787401556969,"[[2715  359]
 [  70  184]]"
True,250,same,sigmoid,sgd,2,60,0.01,0.01,0.0001,"[1, 4]",286,46,50,0.3,False,tanh,relu,64,0.505084514618,0.872201144695,0.974942326546,0.76334798336,0.409078657627,0.919170677662,0.47214075923,0.644000053406,"[[2882  192]
 [  98  156]]"
True,250,same,sigmoid,sgd,2,60,0.01,0.01,0.0001,"[1, 4]",286,46,50,0.3,False,tanh,relu,256,1.41516780853,0.837451159954,0.956114768982,0.706000626087,1.27689802647,0.909855782986,0.43817204237,0.641732275486,"[[2867  207]
 [  91  163]]"
True,250,same,sigmoid,sgd,2,60,0.025,0.01,0.0001,"[1, 4]",286,46,50,0.3,False,tanh,relu,128,0.405190497637,0.903913617134,0.914212763309,0.890922427177,0.466708958149,0.863581776619,0.341269850731,0.846456706524,"[[2599  475]
 [  99  155]]"
True,250,same,sigmoid,sgd,2,60,0.001,0.01,0.0001,"[1, 4]",286,46,50,0.3,False,tanh,relu,128,,,,,,,,,
False,250,same,sigmoid,sgd,2,60,0.005,0.01,0.0001,"[1, 4]",286,46,50,0.3,False,tanh,relu,128,,,,,,,,,
True,250,same,sigmoid,sgd,3,60,0.005,0.01,0.0001,"[1, 4, 8]",286,46,50,0.3,False,tanh,relu,128,4.68713951111,0.940663993359,0.960369288921,0.918936133385,4.83328437805,0.861778855324,0.333876222372,0.80078125,"[[2675  399]
 [  49  205]]"
True,250,same,sigmoid,sgd,4,60,0.005,0.01,0.0001,"[1, 4, 8, 16]",286,46,50,0.3,False,tanh,relu,128,18.1131153107,0.893959343433,0.911913394928,0.871547162533,18.1682891846,0.856670677662,0.324409455061,0.811023592949,"[[2638  436]
 [  49  205]]"
True,250,same,sigmoid,sgd,2,60,0.025,0.01,0.0001,"[1, 4]",286,46,50,0.3,False,tanh,relu,128,0.507681369781,0.840075016022,0.94780933857,0.718577504158,0.372334480286,0.918269276619,0.475000023842,0.67322832346,"[[2883  191]
 [  85  169]]"
True,250,same,sigmoid,sgd,2,60,0.001,0.01,0.0001,"[1, 4]",286,46,50,0.3,False,tanh,relu,128,1.91292726994,0.870400130749,0.967737913132,0.76564180851,1.86247181892,0.876201927662,0.334728032351,0.629921257496,"[[2744  330]
 [ 109  145]]"
True,250,same,sigmoid,sgd,2,60,0.0001,0.01,0.0001,"[1, 4]",286,46,50,0.3,False,tanh,relu,128,2.00482487679,0.878310024738,0.895799219608,0.855490505695,2.09105300903,0.797776460648,0.241676941514,0.771653532982,"[[2441  633]
 [  71  183]]"
True,250,same,sigmoid,sgd,2,60,0.005,0.01,0.0001,"[1, 4]",286,46,50,0.3,False,tanh,relu,64,0.636516392231,0.998272061348,0.99707877636,0.999463200569,1.08763647079,0.821514427662,0.278497427702,0.853174626827,"[[2511  563]
 [  52  202]]"
True,250,same,sigmoid,sgd,2,60,0.005,0.01,0.0001,"[1, 4]",286,46,50,0.3,False,tanh,relu,256,1.68306148052,0.7216796875,0.994844198227,0.444079935551,1.34227919579,0.934194743633,0.607361972332,0.389763772488,"[[3009   65]
 [ 157   97]]"
True,250,same,sigmoid,sgd,2,56,0.005,0.01,0.0001,"[1, 4]",286,46,50,0.3,False,tanh,relu,128,1.08933663368,0.928933084011,0.976928472519,0.878239274025,1.16875851154,0.886718809605,0.37869822979,0.755905508995,"[[2746  328]
 [  77  177]]"
True,250,same,sigmoid,sgd,2,58,0.005,0.01,0.0001,"[1, 4]",286,46,50,0.3,False,tanh,relu,128,1.12034058571,0.93204832077,0.981237769127,0.880575954914,1.20595490932,0.885817348957,0.372469633818,0.724409461021,"[[2733  341]
 [  94  160]]"
True,184,same,sigmoid,sgd,3,64,0.01,0.001,0.0001,"[1, 1, 1]",276,74,50,0.001,False,relu,relu,64,0.909575521946,0.921698093414,0.906886577606,0.939066171646,1.05294084549,0.846454381943,0.319268643856,0.893700778484,"[[2575  499]
 [  51  203]]"
True,278,same,sigmoid,adam,3,78,0.005,0.01,0.1,"[1, 2, 4]",278,78,50,0.1,True,tanh,tanh,48,,,,,,,,,
False,164,same,sigmoid,sgd,1,66,0.01,0.1,0.0001,[1],286,68,50,0.001,False,tanh,relu,64,0.692428350449,0.598276913166,0.714843332767,0.322096824646,0.689581692219,0.824819743633,0.172962233424,0.342519670725,"[[2650  424]
 [ 174   80]]"
False,158,same,sigmoid,adam,1,68,0.005,0.001,0.1,[1],296,78,50,0.001,True,tanh,relu,256,1.68232047558,0.498584002256,0.498584002256,1.0,1.78062415123,0.0769977346063,0.0769977346063,1.0,"[[   0 3074]
 [   0  254]]"
False,166,same,sigmoid,sgd,1,74,0.005,0.0,0.0001,[1],284,54,50,0.001,False,tanh,relu,64,0.599494040012,0.727146625519,0.749717473984,0.679795026779,0.589385926723,0.747896671295,0.177508279681,0.633858263493,"[[2308  766]
 [ 116  138]]"
False,274,same,sigmoid,adam,3,64,0.01,0.1,0.001,"[1, 4, 8]",274,58,50,0.2,False,relu,relu,128,9.3434419632,0.498685777187,0.498685777187,1.0,9.34505367279,0.0763221159577,0.0763221159577,1.0,"[[   0 3074]
 [   0  254]]"
False,150,same,sigmoid,adam,1,74,0.0025,0.0001,0.01,[1],256,40,50,0.001,True,relu,tanh,128,0.733299434185,0.498685777187,0.498685777187,1.0,0.836496293545,0.0763221159577,0.0763221159577,1.0,"[[   0 3074]
 [   0  254]]"
True,268,same,sigmoid,sgd,1,68,0.0025,0.01,0.1,[1],274,44,50,0.1,False,tanh,tanh,64,0.721717894077,0.512022972107,0.935146391392,0.0218411013484,0.719098806381,0.923677921295,0.400000035763,0.0239043831825,"[[3065    9]
 [ 248    6]]"
True,156,same,sigmoid,sgd,2,72,0.0001,0.1,0.001,"[1, 4]",286,40,50,0.0,False,relu,tanh,256,17.3348255157,0.857250988483,0.855372309685,0.858766496181,17.4700813293,0.765625,0.207276746631,0.755020141602,"[[2318  756]
 [  82  172]]"
False,204,same,sigmoid,adam,2,78,0.0025,0.001,0.0001,"[1, 2]",250,74,50,0.0,False,relu,relu,128,0.71301561594,0.498685777187,0.498685777187,1.0,0.720180809498,0.0763221159577,0.0763221159577,1.0,"[[   0 3074]
 [   0  254]]"
False,262,same,sigmoid,sgd,3,72,0.005,0.001,0.0,"[1, 2, 4]",262,54,50,0.001,False,relu,tanh,128,0.715132594109,0.807510733604,0.809831082821,0.802440226078,0.677591860294,0.794170677662,0.237125754356,0.804878115654,"[[2443  631]
 [  68  186]]"
False,168,same,sigmoid,sgd,3,64,0.0001,0.001,0.1,"[1, 4, 8]",252,74,50,0.001,False,relu,tanh,64,1064.35241699,0.516282141209,0.763045370579,0.0435334332287,1064.34863281,0.911959171295,0.132075473666,0.0275590550154,"[[3028   46]
 [ 246    8]]"
True,216,same,sigmoid,sgd,2,68,0.0025,0.01,0.0001,"[1, 8]",270,68,50,0.2,False,relu,relu,256,2.77900147438,0.8652099967,0.924457371235,0.794584274292,2.75308394432,0.859975993633,0.318493157625,0.732283473015,"[[2654  420]
 [  89  165]]"
False,284,same,sigmoid,adam,2,68,0.0025,0.0,0.001,"[1, 2]",284,58,50,0.2,True,tanh,relu,64,0.773762106895,0.498685777187,0.498685777187,1.0,0.795119285583,0.0760216340423,0.0760216340423,1.0,"[[   0 3074]
 [   0  254]]"
True,160,same,sigmoid,adam,1,70,0.005,0.0,0.001,[1],262,56,50,0.001,False,tanh,relu,48,0.7230296731,0.498564064503,0.498564064503,1.0,0.901776373386,0.0754830911756,0.0754830911756,1.0,"[[   0 3062]
 [   0  250]]"
False,194,same,sigmoid,sgd,3,78,0.01,0.1,0.0,"[1, 8, 16]",266,40,50,0.0,False,tanh,relu,256,14.9814167023,0.616406261921,0.698232293129,0.406179606915,14.9811286926,0.783954381943,0.150375947356,0.393700778484,"[[2499  575]
 [ 164   90]]"
True,220,same,sigmoid,adam,3,62,0.005,0.0001,0.1,"[1, 2, 4]",274,72,50,0.01,False,relu,tanh,48,18.794921875,0.80704832077,0.809134781361,0.802342653275,18.7945404053,0.799516916275,0.244471743703,0.802419304848,"[[2430  632]
 [  76  174]]"
False,224,same,sigmoid,adam,2,72,0.005,0.0001,0.0001,"[1, 1]",256,40,50,0.1,False,relu,relu,64,0.703355491161,0.498648285866,0.498648285866,1.00000011921,0.723367512226,0.0763221159577,0.0763221159577,1.0,"[[   0 3074]
 [   0  254]]"
False,246,same,sigmoid,sgd,2,62,0.005,0.01,0.0,"[1, 8]",278,50,50,0.001,False,relu,tanh,256,1.67863237858,0.649780273438,0.710253715515,0.50098067522,1.6730080843,0.762019276619,0.156565651298,0.5,"[[2399  675]
 [ 134  120]]"
False,182,same,sigmoid,sgd,3,62,0.0001,0.1,0.001,"[1, 4, 8]",290,62,50,0.1,True,tanh,relu,128,57.284362793,0.53658002615,0.819303691387,0.0907271876931,57.2823448181,0.908353388309,0.20000000298,0.0669291317463,"[[3001   73]
 [ 238   16]]"
True,234,same,sigmoid,adam,3,78,0.0001,0.001,0.0,"[1, 4, 8]",254,72,50,0.001,True,relu,relu,128,0.231164246798,0.91649633646,0.934049189091,0.895802855492,0.297027796507,0.894831776619,0.408396959305,0.842519700527,"[[2767  307]
 [  41  213]]"
True,260,same,sigmoid,adam,3,72,0.0001,0.01,0.0001,"[1, 4, 8]",260,76,50,0.1,True,tanh,relu,256,,,,,,,,,
False,198,same,sigmoid,sgd,2,64,0.01,0.0,0.001,"[1, 2]",290,42,50,0.01,False,tanh,tanh,48,0.578618705273,0.737782359123,0.751788854599,0.707751631737,0.573309600353,0.746376812458,0.183476388454,0.684000015259,"[[2290  772]
 [  89  161]]"
False,252,same,sigmoid,sgd,1,70,0.005,0.001,0.01,[1],252,66,50,0.0,False,tanh,relu,128,1.41402053833,0.58829832077,0.560642063618,0.80629581213,1.41579771042,0.39332935214,0.0931304767728,0.795275568962,"[[1114 1960]
 [  47  207]]"
False,256,same,sigmoid,sgd,1,60,0.01,0.0,0.001,[1],256,54,50,0.2,False,relu,tanh,256,0.722701013088,0.664331078529,0.715105414391,0.543139755726,0.716167986393,0.750901460648,0.157330155373,0.519685029984,"[[2363  711]
 [ 128  126]]"
False,256,same,sigmoid,sgd,2,72,0.005,0.1,0.0001,"[1, 8]",256,44,50,0.01,False,tanh,relu,48,,,,,,,,,
False,190,same,sigmoid,adam,2,66,0.01,0.0,0.1,"[1, 4]",270,70,50,0.2,True,tanh,relu,48,,,,,,,,,
True,258,same,sigmoid,sgd,1,66,0.01,0.0001,0.001,[1],288,70,50,0.2,True,relu,tanh,64,0.640010237694,0.691077709198,0.733596980572,0.597510993481,0.600834906101,0.755108177662,0.171929821372,0.578740179539,"[[2366  708]
 [ 107  147]]"
True,196,same,sigmoid,sgd,2,64,0.0001,0.1,0.0,"[1, 4]",256,50,50,0.2,False,tanh,tanh,128,9.32647132874,0.838152289391,0.837626814842,0.83787214756,9.43101787567,0.759014427662,0.204741373658,0.748031497002,"[[2230  749]
 [ 103  137]]"
True,240,same,sigmoid,sgd,2,60,0.01,0.0,0.0001,"[1, 4]",292,68,50,0.0,True,relu,relu,48,0.586167037487,0.817318975925,0.811157941818,0.825963914394,0.590856492519,0.798309147358,0.251489877701,0.84063744545,"[[2423  639]
 [  57  193]]"
False,194,same,sigmoid,adam,1,78,0.0025,0.0001,0.0,[1],262,66,50,0.0,True,tanh,tanh,256,0.0437153354287,0.990429699421,0.997961401939,0.982812702656,0.783353626728,0.813701927662,0.248626381159,0.712598443031,"[[2528  546]
 [  72  182]]"
True,172,same,sigmoid,sgd,1,76,0.005,0.01,0.01,[1],264,50,50,0.0,False,tanh,relu,64,0.435276657343,0.834818005562,0.857426047325,0.802147448063,0.477338433266,0.787860631943,0.220987662673,0.704724431038,"[[2438  636]
 [  76  178]]"
False,232,same,sigmoid,adam,2,60,0.0025,0.1,0.01,"[1, 1]",290,70,50,0.01,False,tanh,relu,64,1.54348862171,0.498685777187,0.498685777187,1.0,1.68033146858,0.0751201957464,0.0751201957464,1.0,"[[   0 3074]
 [   0  254]]"
True,160,same,sigmoid,sgd,1,64,0.005,0.0001,0.0,[1],286,78,50,0.0,False,relu,relu,128,0.205410853028,0.928835690022,0.971798479557,0.882918536663,0.372103273869,0.829927921295,0.264487355947,0.714859485626,"[[2579  495]
 [  72  182]]"
True,268,same,sigmoid,adam,2,72,0.0025,0.001,0.1,"[1, 1]",268,66,50,0.001,False,relu,tanh,256,10.5723838806,0.79736328125,0.892145454884,0.675203204155,10.4193086624,0.871886134148,0.341772168875,0.658536612988,"[[2738  336]
 [  86  168]]"
True,206,same,sigmoid,sgd,1,74,0.0025,0.01,0.001,[1],296,50,50,0.0,False,relu,tanh,64,0.418130576611,0.88517332077,0.875345051289,0.897559821606,0.642903029919,0.737680315971,0.190809190273,0.751968502998,"[[2262  812]
 [  64  190]]"
False,258,same,sigmoid,sgd,2,68,0.01,0.01,0.001,"[1, 8]",258,76,50,0.1,False,tanh,relu,64,3.13496518135,0.498685777187,0.498685777187,1.0,3.151440382,0.0763221159577,0.0763221159577,1.0,"[[   0 3074]
 [   0  254]]"
False,254,same,sigmoid,sgd,2,74,0.0001,0.01,0.0,"[1, 2]",254,56,50,0.0,False,relu,tanh,48,1.68844294548,0.577711284161,0.749404132366,0.230161070824,1.685338974,0.86473429203,0.188679233193,0.240000009537,"[[2792  270]
 [ 194   56]]"
False,166,same,sigmoid,sgd,2,76,0.0025,0.0,0.0001,"[1, 1]",274,46,50,0.1,True,tanh,relu,256,1.09017515182,0.667553722858,0.688912332058,0.607580065727,1.08760416508,0.704627454281,0.149855911732,0.614173233509,"[[2175  899]
 [ 104  150]]"
True,248,same,sigmoid,sgd,1,60,0.01,0.01,0.0,[1],284,62,50,0.001,True,tanh,relu,128,0.660284996033,0.685601651669,0.69361770153,0.661932706833,0.651423931122,0.6875,0.14530685544,0.633858263493,"[[2116  958]
 [  97  157]]"
True,190,same,sigmoid,sgd,1,74,0.0001,0.001,0.01,[1],298,68,50,0.0,True,relu,relu,128,,,,,,,,,
False,276,same,sigmoid,sgd,2,62,0.01,0.01,0.1,"[1, 2]",278,46,50,0.001,True,relu,tanh,48,18.6697025299,0.498575776815,0.498575776815,1.00000011921,18.6721725464,0.0760869532824,0.0760869532824,1.0,"[[   0 3052]
 [   0  247]]"
True,250,same,sigmoid,sgd,1,78,0.0001,0.01,0.0,[1],250,74,50,0.0,False,tanh,tanh,64,0.644964635372,0.725321292877,0.741448044777,0.68970233202,0.674322366714,0.717548131943,0.157684624195,0.622047245502,"[[2217  857]
 [ 107  147]]"
False,182,same,sigmoid,sgd,2,66,0.0001,0.001,0.0001,"[1, 2]",274,74,50,0.001,True,relu,relu,64,1.45993542671,0.618088006973,0.685108065605,0.433333367109,1.45920526981,0.769230782986,0.148648649454,0.443548381329,"[[2416  658]
 [ 171   83]]"
True,194,same,sigmoid,sgd,3,64,0.0025,0.001,0.001,"[1, 8, 16]",282,72,50,0.01,True,relu,tanh,48,80.3281097412,0.54702103138,0.529053211212,0.834504663944,80.3301544189,0.292874395847,0.0822683721781,0.824000060558,"[[ 764 2298]
 [  45  205]]"
True,186,same,sigmoid,adam,1,74,0.005,0.001,0.01,[1],260,50,50,0.01,True,tanh,tanh,64,0.804931461811,0.498685777187,0.498685777187,1.0,1.04957985878,0.0748197138309,0.0748197138309,1.00000011921,"[[   0 3038]
 [   0  245]]"
False,166,same,sigmoid,sgd,1,64,0.005,0.001,0.0001,[1],288,68,50,0.1,False,tanh,tanh,64,0.594960391521,0.731211066246,0.740160644054,0.710395336151,0.624811768532,0.726863026619,0.167676761746,0.661354601383,"[[2215  859]
 [ 110  144]]"
True,194,same,sigmoid,sgd,2,72,0.005,0.1,0.01,"[1, 1]",264,78,50,0.1,False,relu,tanh,48,0.358442604542,0.923457026482,0.928730428219,0.916804969311,0.666185081005,0.819142520428,0.268874168396,0.81200003624,"[[2447  615]
 [ 104  146]]"
True,254,same,sigmoid,adam,1,62,0.01,0.0,0.1,[1],254,44,50,0.0,True,tanh,tanh,128,1.90272963047,0.498685777187,0.498685777187,1.0,2.13727378845,0.0763221159577,0.0763221159577,1.0,"[[   0 3074]
 [   0  254]]"
False,252,same,sigmoid,sgd,3,62,0.01,0.1,0.0001,"[1, 2, 4]",252,50,50,0.1,False,tanh,relu,64,2.73487186432,0.498685777187,0.498685777187,1.0,2.75062680244,0.0757211595774,0.0757211595774,1.0,"[[   0 3074]
 [   0  254]]"
True,216,same,sigmoid,sgd,1,60,0.01,0.001,0.01,[1],272,44,50,0.001,True,tanh,relu,64,0.69733774662,0.498710095882,0.498710095882,1.0,0.709553837776,0.0760216340423,0.0760216340423,1.0,"[[   0 3074]
 [   0  254]]"
False,276,same,sigmoid,sgd,2,70,0.005,0.01,0.01,"[1, 2]",276,64,50,0.001,True,relu,tanh,64,0.86595416069,0.498685777187,0.498685777187,1.0,0.868047475815,0.0763221159577,0.0763221159577,1.0,"[[   0 3074]
 [   0  254]]"
False,264,same,sigmoid,sgd,3,76,0.0025,0.01,0.0001,"[1, 4, 8]",264,52,50,0.2,True,relu,tanh,128,9.95635128021,0.666861414909,0.711610257626,0.558174729347,9.9510641098,0.749399065971,0.160421535373,0.539370059967,"[[2358  716]
 [ 118  136]]"
False,254,same,sigmoid,sgd,2,68,0.01,0.1,0.001,"[1, 8]",274,70,50,0.0,False,tanh,relu,256,4.81671237946,0.658105492592,0.648633599281,0.685731112957,4.8167924881,0.616628944874,0.129788905382,0.697479009628,"[[1851 1223]
 [ 103  151]]"
False,158,same,sigmoid,sgd,2,78,0.005,0.1,0.1,"[1, 2]",266,70,50,0.001,True,tanh,tanh,64,22.5230293274,0.49866142869,0.49866142869,1.0,22.5276851654,0.0748197138309,0.0748197138309,1.00000011921,"[[   0 3074]
 [   0  254]]"
True,232,same,sigmoid,adam,1,78,0.005,0.01,0.0,[1],264,58,50,0.2,False,relu,tanh,256,0.272329330444,0.941162109375,0.956369698048,0.924150466919,1.34105241299,0.786057710648,0.224759623408,0.736220479012,"[[2428  646]
 [  68  186]]"
False,286,same,sigmoid,adam,2,66,0.0025,0.01,0.0001,"[1, 8]",292,54,50,0.01,True,relu,tanh,128,0.439961403608,0.822429955006,0.786776185036,0.883308947086,0.55068987608,0.749399065971,0.217898830771,0.881889760494,"[[2251  823]
 [  46  208]]"
False,204,same,sigmoid,adam,2,66,0.01,0.0001,0.1,"[1, 2]",252,58,50,0.0,True,relu,relu,64,61.9386177063,0.498174667358,0.498174667358,1.0,62.0299949646,0.0754206776619,0.0754206776619,1.0,"[[   0 3074]
 [   0  254]]"
False,248,same,sigmoid,sgd,2,68,0.01,0.001,0.1,"[1, 2]",258,46,50,0.1,False,relu,relu,256,22.6191558838,0.503125011921,0.0,0.0,22.6186389923,0.920372605324,0.0,0.0,"[[3074    0]
 [ 254    0]]"
False,262,same,sigmoid,sgd,1,78,0.0001,0.0,0.0,[1],284,64,50,0.001,False,relu,relu,256,0.693164944649,0.496020525694,0.475236058235,0.120965369046,0.692313492298,0.779682934284,0.0561122260988,0.117647066712,"[[2599  475]
 [ 225   29]]"
True,154,same,sigmoid,adam,3,60,0.01,0.1,0.001,"[1, 8, 16]",274,66,50,0.01,True,relu,relu,256,36.7986717224,0.498584002256,0.498584002256,1.0,36.9254150391,0.0812034904957,0.0812034904957,1.0,"[[   0 3074]
 [   0  254]]"
True,228,same,sigmoid,sgd,3,78,0.005,0.0001,0.01,"[1, 4, 8]",252,48,50,0.2,False,relu,tanh,48,1.62422430515,0.9140868783,0.937474250793,0.886871695518,1.84992527962,0.842995166779,0.294832825661,0.776000022888,"[[2598  464]
 [  61  189]]"
True,236,same,sigmoid,sgd,3,76,0.005,0.0,0.0,"[1, 8, 16]",286,74,50,0.001,False,tanh,relu,256,,,,,,,,,
True,200,same,sigmoid,sgd,2,62,0.005,0.1,0.001,"[1, 8]",254,62,50,0.0,False,tanh,relu,64,0.185400396585,0.962495148182,0.968501210213,0.95588093996,0.40036970377,0.865384638309,0.348909676075,0.881889760494,"[[2622  452]
 [  66  188]]"
False,264,same,sigmoid,sgd,3,72,0.005,0.1,0.0,"[1, 2, 4]",264,46,50,0.0,False,tanh,tanh,64,8.82191848755,0.498685777187,0.498685777187,1.0,8.8336315155,0.0757211595774,0.0757211595774,1.0,"[[   0 3074]
 [   0  254]]"
False,254,same,sigmoid,adam,1,60,0.01,0.0001,0.001,[1],254,70,50,0.0,True,relu,relu,48,0.502202868462,0.800817787647,0.762948691845,0.871303141117,0.658008098602,0.707729458809,0.185314685106,0.8548386693,"[[2103  959]
 [  61  189]]"
True,170,same,sigmoid,sgd,2,78,0.005,0.01,0.0,"[1, 8]",278,62,50,0.2,False,tanh,relu,128,1.2500629425,0.896174132824,0.948970556259,0.836798489094,1.25888252258,0.873798131943,0.34398496151,0.720472455025,"[[2696  378]
 [ 103  151]]"
False,230,same,sigmoid,sgd,3,66,0.0001,0.0,0.0,"[1, 2, 4]",260,58,50,0.001,True,tanh,tanh,128,0.692463874817,0.589247465134,0.731810569763,0.278330892324,0.690515220165,0.841876327991,0.166246861219,0.270491808653,"[[2720  354]
 [ 186   68]]"
True,176,same,sigmoid,sgd,1,76,0.01,0.0001,0.1,[1],276,42,50,0.0,False,relu,tanh,256,0.93023365736,0.645947277546,0.6990852952,0.508960962296,0.924625754356,0.748197138309,0.144230768085,0.487804919481,"[[2356  718]
 [ 141  113]]"
True,246,same,sigmoid,sgd,2,68,0.005,0.001,0.01,"[1, 1]",298,50,50,0.001,True,relu,tanh,48,0.753639638424,0.498685777187,0.498685777187,1.0,0.757106244564,0.0754830911756,0.0754830911756,1.0,"[[   0 3052]
 [   0  247]]"
True,200,same,sigmoid,sgd,1,74,0.0001,0.01,0.1,[1],296,74,50,0.01,True,tanh,relu,64,17.7795410156,0.512144684792,0.51707726717,0.328794538975,17.7785701752,0.676382243633,0.0744570791721,0.283464550972,"[[2187  887]
 [ 181   73]]"
True,266,same,sigmoid,sgd,1,66,0.0001,0.1,0.0001,[1],266,62,50,0.0,True,tanh,relu,64,1.00683188438,0.631425261497,0.709075212479,0.441514074802,1.0042642355,0.776442348957,0.149999991059,0.41338583827,"[[2480  594]
 [ 150  104]]"
False,160,same,sigmoid,sgd,2,76,0.01,0.01,0.0001,"[1, 1]",296,42,50,0.01,False,tanh,tanh,256,0.746492028236,0.727075219154,0.759561896324,0.662227034569,0.707260727882,0.768930315971,0.1875,0.626506090164,"[[2187  674]
 [ 128  102]]"
True,254,same,sigmoid,sgd,3,74,0.0025,0.0,0.001,"[1, 2, 4]",254,48,50,0.0,False,tanh,relu,128,13.3524866104,0.911604404449,0.937535703182,0.881425440311,13.4295415878,0.862079381943,0.326829254627,0.817073225975,"[[2666  408]
 [  44  210]]"
True,204,same,sigmoid,sgd,3,62,0.01,0.0001,0.0001,"[1, 1, 1]",252,50,50,0.1,True,tanh,relu,64,,,,,,,,,
True,234,same,sigmoid,adam,5,78,0.0001,0.001,0.0,"[1, 4, 8, 8, 8]",254,72,50,0.001,True,relu,relu,128,0.222586289048,0.92963886261,0.960393488407,0.895851671696,0.292853146791,0.910757243633,0.452954053879,0.814960598946,"[[2764  310]
 [ 102  152]]"
True,234,same,sigmoid,adam,4,78,0.0001,0.001,0.0,"[1, 4, 8, 8]",254,72,50,0.001,True,relu,relu,128,0.229020342231,0.919611632824,0.939183294773,0.896876573563,0.322755396366,0.890625059605,0.3966165483,0.830708682537,"[[2708  366]
 [  84  170]]"
True,234,same,sigmoid,adam,2,78,0.0001,0.001,0.0,"[1, 4]",254,72,50,0.001,True,relu,relu,128,0.187839344144,0.937938153744,0.96023607254,0.913372397423,0.263246387243,0.904146671295,0.431865811348,0.811023592949,"[[2800  274]
 [  60  194]]"
True,234,same,sigmoid,adam,3,78,0.001,0.001,0.0,"[1, 4, 8]",254,72,50,0.001,True,relu,relu,128,,,,,,,,,
True,234,same,sigmoid,adam,5,78,0.0001,0.001,0.0,"[1, 4, 8, 8, 8]",254,72,50,0.001,True,relu,relu,128,,,,,,,,,
True,234,same,sigmoid,adam,3,78,0.001,0.001,0.0,"[1, 4, 8]",254,72,50,0.001,True,relu,relu,128,0.15647007525,0.949182271957,0.963900327682,0.933040559292,0.36296838522,0.896334171295,0.413662225008,0.858267724514,"[[2695  379]
 [ 110  144]]"
True,234,same,sigmoid,adam,3,78,1e-05,0.001,0.0,"[1, 4, 8]",254,72,50,0.001,True,relu,relu,128,0.316947102547,0.891793251038,0.906177222729,0.873450517654,0.338739365339,0.876802921295,0.365979373455,0.83858269453,"[[2657  417]
 [  92  162]]"
True,234,same,sigmoid,adam,3,78,0.0001,0.001,0.0,"[1, 4, 8]",254,72,50,0.001,True,relu,relu,64,0.216943621635,0.922434806824,0.919507324696,0.925475895405,0.343356847763,0.875600993633,0.370129883289,0.897637784481,"[[2678  396]
 [  33  221]]"
True,234,same,sigmoid,adam,3,78,0.0001,0.001,0.0,"[1, 4, 8]",254,72,50,0.001,True,relu,relu,256,0.207817539573,0.929858386517,0.959710836411,0.896973848343,0.262323558331,0.909855782986,0.457805931568,0.834615409374,"[[2823  251]
 [  45  209]]"
True,234,same,sigmoid,sgd,3,78,0.0001,0.001,0.0,"[1, 4, 8]",254,72,50,0.001,True,relu,relu,128,1.23918151855,0.617722988129,0.675009131432,0.450170844793,1.23889565468,0.754807710648,0.142493635416,0.440944880247,"[[2397  677]
 [ 143  111]]"
True,234,same,sigmoid,adam,3,78,0.0001,0.001,0.0,"[1, 4, 8]",254,68,50,0.001,True,relu,relu,128,0.197427362204,0.933825016022,0.942835748196,0.923279702663,0.303180932999,0.892127454281,0.404021918774,0.870078742504,"[[2683  391]
 [  93  161]]"
True,234,same,sigmoid,adam,3,78,0.0001,0.001,0.0,"[1, 4, 8]",254,70,50,0.001,True,relu,relu,128,0.217530712485,0.923237979412,0.942109525204,0.901464164257,0.282016277313,0.896334171295,0.413001894951,0.850393712521,"[[2759  315]
 [  45  209]]"
True,234,same,sigmoid,adam,3,78,0.0001,0.001,0.0,"[1, 4, 8]",254,74,50,0.001,True,relu,relu,128,0.213649794459,0.927545785904,0.944921433926,0.907613515854,0.300644367933,0.900240421295,0.422924906015,0.842519700527,"[[2784  290]
 [  41  213]]"
True,234,same,sigmoid,adam,3,78,0.0001,0.001,0.0,"[1, 4, 8]",254,72,50,0.001,True,relu,tanh,128,,,,,,,,,
True,234,same,sigmoid,adam,3,80,0.0001,0.001,0.0,"[1, 4, 8]",254,74,50,0.001,True,relu,relu,256,0.245364814997,0.91257327795,0.911418378353,0.913426697254,0.308203905821,0.879507243633,0.371859282255,0.895161271095,"[[2670  404]
 [  54  200]]"
True,234,same,sigmoid,adam,3,82,0.0001,0.001,0.0,"[1, 4, 8]",254,74,50,0.001,True,relu,relu,256,,,,,,,,,
True,234,same,sigmoid,adam,3,82,0.0001,0.001,0.0,"[1, 4, 8]",254,74,50,0.001,True,relu,relu,256,0.264342278242,0.904980480671,0.909604549408,0.898736655712,0.304272681475,0.87738597393,0.370705246925,0.868644058704,"[[2697  377]
 [  33  221]]"
True,234,same,sigmoid,adam,3,78,0.0001,0.001,0.0,"[1, 4, 8]",254,68,50,0.001,True,relu,relu,256,0.234183475375,0.919140636921,0.918255627155,0.91969448328,0.305905163288,0.873798131943,0.355960249901,0.873983800411,"[[2667  407]
 [  55  199]]"
True,234,same,sigmoid,adam,3,78,0.0001,0.001,0.0,"[1, 4, 8]",254,70,50,0.001,True,relu,relu,256,0.275918632746,0.897021472454,0.925704061985,0.862697124481,0.267892986536,0.899338960648,0.431372523308,0.830188691616,"[[2703  371]
 [ 117  137]]"
True,234,same,sigmoid,adam,3,78,0.0001,0.001,0.0,"[1, 4, 8]",254,72,50,0.001,True,relu,relu,256,0.248068168759,0.910253942013,0.913481533527,0.905787885189,0.313237518072,0.878004848957,0.37209302187,0.888888955116,"[[2677  397]
 [  53  201]]"
True,234,same,sigmoid,adam,5,78,0.0001,0.001,0.0,"[1, 4, 8, 8, 8]",254,74,50,0.001,True,relu,relu,256,0.241724401712,0.920141637325,0.92547762394,0.913377761841,0.300650268793,0.887019276619,0.397548139095,0.876447856426,"[[2442  419]
 [ 119  111]]"
True,234,same,sigmoid,adam,4,78,0.0001,0.001,0.0,"[1, 4, 8, 8]",254,74,50,0.001,True,relu,relu,256,0.269126772881,0.904736340046,0.919204235077,0.886886715889,0.295543193817,0.886117815971,0.386980116367,0.842519700527,"[[2736  338]
 [  39  215]]"
True,234,same,sigmoid,adam,3,78,0.001,0.001,0.0,"[1, 4, 8]",254,74,50,0.001,True,relu,relu,256,0.225706025958,0.91748046875,0.948757112026,0.882136940956,0.240901499987,0.906850993633,0.44421055913,0.821011662483,"[[2698  376]
 [ 163   91]]"
True,234,same,sigmoid,adam,3,78,1e-05,0.001,0.0,"[1, 4, 8]",254,74,50,0.001,True,relu,relu,256,0.298745602369,0.900073230267,0.914883852005,0.881598293781,0.348652780056,0.869591355324,0.357377052307,0.838461518288,"[[2582  492]
 [ 152  102]]"
True,234,same,sigmoid,adam,3,78,0.0001,0.001,0.0,"[1, 4, 8]",254,74,50,0.001,True,relu,relu,512,0.229808524251,0.920019567013,0.93482452631,0.902507126331,0.27870374918,0.8935546875,0.398374021053,0.863436102867,"[[2547  298]
 [  33  194]]"
True,234,same,sigmoid,adam,3,78,0.0001,0.001,0.0,"[1, 4, 8]",254,74,50,0.001,True,tanh,relu,256,,,,,,,,,
