use_layerwise_dropout_batchnorm,padding,output_layer_activation,optimizer,num_layers,num_filters,learning_rate,l2_r,l1_r,first_dense_units,filter_size,epochs,dropout_rate,dense_activation,decay_sequence,cnn_activation,batch_size,train_loss,train_accuracy,train_precision,train_recall,val_loss,val_accuracy,val_precision,val_recall,confusion_matrix
False,same,sigmoid,sgd,2,62,0.05,0.01,0.01,274,58,75,0.3,relu,"[1, 2]",relu,64,1.00204074383,0.500791847706,0.500731468201,0.999391674995,1.00191223621,0.506781756878,0.506680369377,1.0,"[[   0 2481]
 [   5 2448]]"
False,same,sigmoid,sgd,2,70,0.025,0.01,0.01,252,40,75,0.001,tanh,"[1, 2]",tanh,128,0.82636898756,0.500701844692,0.500671386719,1.0,0.826276838779,0.506120681763,0.506120681763,1.0,"[[   0 2481]
 [   0 2453]]"
False,same,sigmoid,sgd,1,74,0.01,0.1,0.001,270,48,75,0.01,relu,[1],tanh,64,0.621110141277,0.666199684143,0.622193574905,0.850398004055,0.620323717594,0.668721735477,0.625972509384,0.852485775948,"[[1162 1319]
 [ 460 1993]]"
False,same,sigmoid,sgd,2,66,0.05,0.1,0.001,266,58,75,0.3,relu,"[1, 2]",tanh,256,1.0023522377,0.595735490322,0.583289384842,0.676510095596,1.00186491013,0.598142623901,0.587129414082,0.680637061596,"[[1237 1244]
 [ 761 1692]]"
False,same,sigmoid,sgd,2,64,0.01,0.1,0.001,294,42,75,0.2,tanh,"[1, 2]",relu,128,2.9100689888,0.609185218811,0.571321904659,0.884528815746,2.91081357002,0.61080622673,0.574807465076,0.875209391117,"[[ 806 1675]
 [ 292 2161]]"
False,same,sigmoid,sgd,2,60,0.025,0.01,0.001,270,44,75,0.01,relu,"[1, 2]",relu,64,0.427803069353,0.837729215622,0.840207755566,0.835206210613,0.418366581202,0.841923713684,0.841955184937,0.840927600861,"[[2047  434]
 [ 411 2042]]"
False,same,sigmoid,sgd,2,76,0.01,0.01,0.0001,284,44,75,0.0,tanh,"[1, 2]",relu,64,0.537779211998,0.827039062977,0.819124996662,0.840194582939,0.530677378178,0.830357134342,0.828900396824,0.837545096874,"[[1980  501]
 [ 421 2032]]"
False,same,sigmoid,sgd,2,66,0.005,0.1,0.0001,280,58,75,0.01,tanh,"[1, 2]",tanh,128,0.912872374058,0.61223679781,0.574686408043,0.872520387173,0.915473997593,0.611439406872,0.577271461487,0.87479197979,"[[ 867 1614]
 [ 327 2126]]"
False,same,sigmoid,sgd,1,66,0.005,0.1,0.01,250,46,75,0.3,relu,[1],tanh,64,0.758711457253,0.571237146854,0.540797114372,0.958806753159,0.758054375648,0.577476382256,0.547200381756,0.959821403027,"[[ 457 2024]
 [ 133 2320]]"
False,same,sigmoid,sgd,1,76,0.01,0.01,0.01,258,58,75,0.2,tanh,[1],relu,128,0.684176266193,0.601708889008,0.564981162548,0.892535328865,0.685279130936,0.60637396574,0.570972084999,0.894078373909,"[[ 755 1726]
 [ 285 2168]]"
False,same,sigmoid,sgd,2,68,0.05,0.01,0.01,274,40,75,0.3,relu,"[1, 1]",tanh,128,1.17764115334,0.50122064352,0.500871062279,0.999146461487,1.17751085758,0.509708702564,0.50939810276,1.0,"[[   2 2479]
 [   6 2447]]"
False,same,sigmoid,sgd,1,60,0.01,0.01,0.01,254,54,75,0.01,tanh,[1],relu,128,0.962644994259,0.607171177864,0.568084836006,0.900402069092,0.963554263115,0.612916827202,0.574502408504,0.894472360611,"[[ 756 1725]
 [ 251 2202]]"
False,same,sigmoid,sgd,1,64,0.01,0.01,0.001,268,56,75,0.2,tanh,[1],relu,256,0.904965877533,0.620029389858,0.580753922462,0.865050256252,0.90214830637,0.622836589813,0.583118796349,0.86064183712,"[[ 911 1570]
 [ 371 2082]]"
False,same,sigmoid,sgd,1,70,0.05,0.1,0.001,288,54,75,0.1,relu,[1],relu,64,0.482199162245,0.822836101055,0.824812114239,0.820751309395,0.476628690958,0.824066579342,0.826230883598,0.817103147507,"[[1968  513]
 [ 556 1897]]"
False,same,sigmoid,sgd,1,60,0.025,0.01,0.001,286,40,75,0.01,tanh,[1],relu,64,0.481385946274,0.836510956287,0.829553544521,0.848390996456,0.474816203117,0.840503275394,0.831053853035,0.849506556988,"[[1906  575]
 [ 570 1883]]"
False,same,sigmoid,sgd,2,72,0.005,0.01,0.001,276,58,75,0.0,relu,"[1, 2]",relu,256,2.63475775719,0.615005195141,0.575306713581,0.88792526722,2.63554549217,0.616504848003,0.580240190029,0.883991658688,"[[ 855 1626]
 [ 305 2148]]"
False,same,sigmoid,sgd,1,70,0.01,0.01,0.01,288,56,75,0.01,relu,[1],tanh,64,0.495449006557,0.818785429001,0.821734905243,0.815242469311,0.492446810007,0.816761374474,0.815960943699,0.816293299198,"[[1948  533]
 [ 615 1838]]"
False,same,sigmoid,sgd,2,64,0.01,0.01,0.0001,266,44,75,0.1,relu,"[1, 2]",relu,256,1.31444621086,0.609889090061,0.581354141235,0.784580528736,1.3126013279,0.620514929295,0.596954643726,0.793146193027,"[[1045 1436]
 [ 525 1928]]"
False,same,sigmoid,sgd,1,68,0.025,0.01,0.001,282,54,75,0.0,relu,[1],relu,64,0.455044418573,0.842845857143,0.832078158855,0.859800577164,0.449226230383,0.847402572632,0.83740156889,0.862530469894,"[[1928  553]
 [ 476 1977]]"
False,same,sigmoid,sgd,1,70,0.005,0.01,0.0001,288,54,75,0.1,tanh,[1],relu,128,0.694060206413,0.633689343929,0.593785703182,0.854327559471,0.690155744553,0.64014351368,0.600700497627,0.85929018259,"[[ 962 1519]
 [ 393 2060]]"
False,same,sigmoid,sgd,1,62,0.025,0.01,0.01,250,52,75,0.001,tanh,[1],tanh,64,0.436994791031,0.837820529938,0.842801690102,0.831693410873,0.436964809895,0.84232956171,0.845134556293,0.835106372833,"[[1942  539]
 [ 552 1901]]"
False,same,sigmoid,sgd,1,72,0.01,0.1,0.001,294,56,75,0.01,tanh,[1],relu,64,0.749625205994,0.616373300552,0.577674806118,0.87137556076,0.750062644482,0.621043980122,0.5827922225,0.877035856247,"[[ 884 1597]
 [ 344 2109]]"
False,same,sigmoid,sgd,1,74,0.05,0.01,0.001,296,48,75,0.3,relu,[1],relu,128,0.580187022686,0.816173315048,0.813333332539,0.821461200714,0.573690891266,0.81270557642,0.806030988693,0.819726467133,"[[1943  538]
 [ 541 1912]]"
False,same,sigmoid,sgd,2,60,0.005,0.1,0.0001,260,56,75,0.0,relu,"[1, 4]",relu,64,1.7820110321,0.607997834682,0.576271891594,0.819940388203,1.78042781353,0.617755830288,0.587137520313,0.828942060471,"[[ 970 1511]
 [ 448 2005]]"
False,same,sigmoid,sgd,2,60,0.01,0.1,0.0001,260,58,75,0.2,relu,"[1, 4]",tanh,256,2.51913881302,0.603976428509,0.568232834339,0.867919921875,2.51741528511,0.610595166683,0.577371060848,0.866416931152,"[[ 837 1644]
 [ 340 2113]]"
False,same,sigmoid,sgd,1,68,0.01,0.1,0.001,296,44,75,0.01,tanh,[1],relu,64,0.74861240387,0.615033209324,0.576149940491,0.876360058784,0.748705863953,0.620632946491,0.58319914341,0.881184160709,"[[ 859 1622]
 [ 323 2130]]"
False,same,sigmoid,sgd,1,62,0.025,0.1,0.01,274,54,75,0.01,relu,[1],relu,64,0.504927277565,0.822074711323,0.806552290916,0.848416686058,0.502467215061,0.816152572632,0.801991581917,0.843334674835,"[[1871  610]
 [ 518 1935]]"
False,same,sigmoid,sgd,1,64,0.01,0.1,0.01,294,52,75,0.2,relu,[1],relu,64,0.676542460918,0.605317652225,0.569380283356,0.869427740574,0.677003979683,0.609124541283,0.575904905796,0.865259766579,"[[ 847 1634]
 [ 347 2106]]"
False,same,sigmoid,sgd,1,62,0.005,0.01,0.0001,268,44,75,0.01,tanh,[1],tanh,128,0.683976054192,0.639273703098,0.596923708916,0.862614929676,0.683879196644,0.644575715065,0.605515241623,0.865201115608,"[[ 953 1528]
 [ 391 2062]]"
False,same,sigmoid,sgd,1,70,0.005,0.01,0.0001,290,52,75,0.01,tanh,[1],relu,128,0.655470013618,0.671437263489,0.633972108364,0.815520405769,0.653988957405,0.666324019432,0.620921313763,0.815889000893,"[[1217 1264]
 [ 504 1949]]"
False,same,sigmoid,sgd,1,66,0.005,0.01,0.001,292,40,75,0.001,tanh,[1],relu,128,0.761200368404,0.629447638988,0.588776886463,0.861505627632,0.760417759418,0.634444892406,0.595524966717,0.865721404552,"[[ 939 1542]
 [ 377 2076]]"
False,same,sigmoid,sgd,2,78,0.05,0.01,0.0001,288,48,75,0.1,relu,"[1, 2]",relu,64,0.453811556101,0.818115353584,0.817542612553,0.81992828846,0.440369993448,0.826095759869,0.829208910465,0.824193537235,"[[1998  483]
 [ 438 2015]]"
False,same,sigmoid,sgd,2,66,0.025,0.01,0.001,288,56,75,0.0,relu,"[1, 2]",tanh,64,0.42026501894,0.849119842052,0.851462781429,0.846807956696,0.418833702803,0.848823070526,0.850144088268,0.844235479832,"[[2090  391]
 [ 394 2059]]"
False,same,sigmoid,sgd,1,64,0.025,0.1,0.01,252,56,75,0.001,tanh,[1],tanh,128,0.888580918312,0.608727514744,0.580479323864,0.790585815907,0.891300797462,0.600534558296,0.572194099426,0.791598021984,"[[ 966 1515]
 [ 438 2015]]"
False,same,sigmoid,sgd,2,62,0.01,0.1,0.0001,270,44,75,0.2,relu,"[1, 1]",tanh,128,0.743692457676,0.614159286022,0.581705868244,0.819615244865,0.745477855206,0.609786212444,0.576521754265,0.819868087769,"[[1016 1465]
 [ 453 2000]]"
False,same,sigmoid,sgd,2,76,0.01,0.1,0.01,296,54,75,0.01,tanh,"[1, 2]",tanh,128,0.794601559639,0.501007020473,0.500976622105,0.999939084053,0.794511139393,0.504010081291,0.504010081291,1.0,"[[   0 2481]
 [   0 2453]]"
False,same,sigmoid,sgd,2,76,0.01,0.1,0.01,294,56,75,0.1,relu,"[1, 1]",relu,256,8.64832687378,0.602505922318,0.566728770733,0.874923467636,8.64838886261,0.606585025787,0.572366595268,0.874216496944,"[[ 798 1683]
 [ 300 2153]]"
False,same,sigmoid,sgd,1,78,0.025,0.01,0.001,298,58,75,0.1,tanh,[1],relu,128,0.531993627548,0.800213634968,0.777341365814,0.843050181866,0.529390931129,0.806949019432,0.79144179821,0.837617278099,"[[1775  706]
 [ 542 1911]]"
False,same,sigmoid,sgd,1,60,0.005,0.1,0.01,290,46,75,0.1,tanh,[1],relu,256,1.45298779011,0.615464687347,0.593734562397,0.735995590687,1.44906461239,0.617598712444,0.6001958251,0.743330657482,"[[1176 1305]
 [ 634 1819]]"
False,same,sigmoid,sgd,1,72,0.025,0.1,0.0001,268,40,75,0.0,relu,[1],relu,256,0.717413604259,0.616782009602,0.579205870628,0.858444988728,0.711551487446,0.627672672272,0.593784034252,0.871548593044,"[[ 920 1561]
 [ 372 2081]]"
False,same,sigmoid,sgd,2,70,0.025,0.1,0.0001,262,50,75,0.3,tanh,"[1, 4]",relu,256,1.62443113327,0.614712774754,0.57833892107,0.85106253624,1.62325167656,0.617598712444,0.582521557808,0.853240966797,"[[ 927 1554]
 [ 370 2083]]"
False,same,sigmoid,sgd,2,64,0.005,0.01,0.01,264,44,75,0.3,tanh,"[1, 1]",relu,256,5.88816165924,0.604098975658,0.566640734673,0.890499770641,5.88787555695,0.603618443012,0.564638257027,0.892282307148,"[[ 765 1716]
 [ 279 2174]]"
False,same,sigmoid,sgd,1,64,0.01,0.1,0.0001,280,50,75,0.001,relu,[1],tanh,256,1.02670490742,0.607254445553,0.572277069092,0.85454761982,1.02596950531,0.617771208286,0.586060941219,0.857909977436,"[[ 864 1617]
 [ 352 2101]]"
False,same,sigmoid,sgd,1,64,0.005,0.01,0.01,268,54,75,0.01,relu,[1],tanh,256,1.2424877882,0.605937123299,0.572640299797,0.838739216328,1.24200487137,0.607319056988,0.572154760361,0.836844325066,"[[ 893 1588]
 [ 411 2042]]"
False,same,sigmoid,sgd,1,76,0.025,0.01,0.0001,250,50,75,0.2,relu,[1],relu,256,0.592235147953,0.745358705521,0.726366758347,0.7889072299,0.590303421021,0.74609375,0.717782080173,0.790648698807,"[[1628  853]
 [ 553 1900]]"
False,same,sigmoid,sgd,1,62,0.005,0.01,0.0001,298,48,75,0.2,tanh,[1],relu,64,0.599738001823,0.702747166157,0.65617865324,0.855172812939,0.599108755589,0.694615721703,0.651075780392,0.850509166718,"[[1254 1227]
 [ 460 1993]]"
False,same,sigmoid,sgd,1,64,0.025,0.01,0.01,268,40,75,0.3,relu,[1],tanh,256,0.702572882175,0.60728508234,0.574219107628,0.834505915642,0.702170312405,0.614925980568,0.588826775551,0.840175390244,"[[ 913 1568]
 [ 426 2027]]"
False,same,sigmoid,sgd,2,76,0.005,0.01,0.0001,264,54,75,0.001,relu,"[1, 2]",relu,256,1.34121072292,0.617854237556,0.578635156155,0.875816941261,1.3426630497,0.617349088192,0.58158993721,0.86947453022,"[[ 895 1586]
 [ 338 2115]]"
False,same,sigmoid,sgd,1,62,0.025,0.01,0.01,280,52,75,0.0,relu,[1],relu,128,0.72742420435,0.581751585007,0.568926870823,0.680882155895,0.726310312748,0.582853615284,0.565517246723,0.680780410767,"[[1173 1308]
 [ 759 1694]]"
False,same,sigmoid,sgd,2,62,0.025,0.01,0.01,266,40,75,0.01,relu,"[1, 2]",relu,256,1.4038066864,0.536394774914,0.519545972347,0.977961421013,1.40371787548,0.543478250504,0.528044700623,0.978873252869,"[[ 242 2239]
 [  76 2377]]"
False,same,sigmoid,sgd,2,78,0.05,0.01,0.001,258,54,75,0.0,relu,"[1, 2]",relu,256,2.36735963821,0.613595962524,0.585128605366,0.786967337132,2.36409687996,0.61523848772,0.587227404118,0.79101973772,"[[1065 1416]
 [ 517 1936]]"
False,same,sigmoid,sgd,1,78,0.05,0.01,0.01,286,42,75,0.2,tanh,[1],relu,128,0.459240674973,0.831583738327,0.833995938301,0.829379558563,0.449287772179,0.8359375,0.841217637062,0.832315862179,"[[1944  537]
 [ 599 1854]]"
False,same,sigmoid,sgd,2,70,0.025,0.1,0.0001,296,56,75,0.2,tanh,"[1, 4]",tanh,128,0.93873411417,0.613701581955,0.576452374458,0.861217796803,0.938211381435,0.618193328381,0.583191871643,0.859824776649,"[[ 904 1577]
 [ 352 2101]]"
False,same,sigmoid,sgd,2,66,0.01,0.1,0.0001,258,40,75,0.001,tanh,"[1, 1]",relu,128,0.69109249115,0.608178198338,0.570327877998,0.883664250374,0.691782772541,0.615027427673,0.57889008522,0.885191321373,"[[ 830 1651]
 [ 299 2154]]"
False,same,sigmoid,sgd,2,74,0.005,0.01,0.0001,288,52,75,0.0,tanh,"[1, 2]",tanh,128,0.813139259815,0.79969483614,0.805929481983,0.790918469429,0.822631120682,0.792317390442,0.80161768198,0.784256577492,"[[1940  541]
 [ 460 1993]]"
False,same,sigmoid,sgd,2,60,0.01,0.01,0.001,280,40,75,0.2,relu,"[1, 2]",tanh,128,0.552164435387,0.799725353718,0.804691374302,0.793185293674,0.547288775444,0.803659558296,0.814752757549,0.791208803654,"[[2001  480]
 [ 533 1920]]"
False,same,sigmoid,sgd,1,68,0.05,0.01,0.0001,298,42,75,0.1,relu,[1],tanh,128,,,,,,,,,
False,same,sigmoid,sgd,5,68,0.01,0.01,0.01,266,50,75,0.2,tanh,"[1, 1, 1, 1, 1]",relu,64,1.16060042381,0.501218259335,0.501218259335,0.999999940395,1.16053807735,0.507398247719,0.507398247719,1.0,"[[   0 2481]
 [   0 2453]]"
False,same,sigmoid,sgd,5,64,0.025,0.01,0.001,284,54,75,0.1,relu,"[1, 2, 4, 6, 8]",tanh,64,0.41062822938,0.853870987892,0.854527771473,0.853800773621,0.400659739971,0.862824678421,0.865008175373,0.86009734869,"[[2126  355]
 [ 410 2043]]"
False,same,sigmoid,sgd,4,76,0.025,0.01,0.001,288,42,75,0.001,relu,"[1, 1, 1, 1]",relu,128,7.55743837357,0.600091516972,0.563719630241,0.892178356647,7.55419969559,0.604263365269,0.568863868713,0.888656377792,"[[ 753 1728]
 [ 275 2178]]"
True,same,sigmoid,sgd,2,60,0.025,0.1,0.01,260,54,75,0.1,relu,"[1, 1]",tanh,256,1.04084575176,0.699711978436,0.694372057915,0.716267347336,1.03456389904,0.708315730095,0.705407559872,0.728333294392,"[[1677  804]
 [ 716 1737]]"
False,same,sigmoid,sgd,5,66,0.025,0.01,0.0001,298,52,75,0.1,tanh,"[1, 2, 4, 6, 8]",tanh,256,0.596368312836,0.836284518242,0.830753564835,0.845876574516,0.586523294449,0.83943259716,0.834000051022,0.8506731987,"[[2032  449]
 [ 406 2047]]"
False,same,sigmoid,sgd,5,64,0.005,0.01,0.0001,256,48,75,0.0,tanh,"[1, 2, 4, 4, 2]",relu,256,1.22855007648,0.834844648838,0.84910941124,0.815543472767,1.21612083912,0.842722058296,0.855714917183,0.819733560085,"[[2046  435]
 [ 473 1980]]"
True,same,sigmoid,sgd,1,72,0.025,0.01,0.0001,262,40,75,0.3,tanh,[1],tanh,64,0.235807359219,0.923859417439,0.922090530396,0.926349043846,0.227316379547,0.929383099079,0.923107147217,0.93932133913,"[[1927  554]
 [ 532 1921]]"
False,same,sigmoid,sgd,2,60,0.005,0.1,0.01,272,48,75,0.0,tanh,"[1, 2]",relu,128,6.61822462082,0.605614900589,0.569974780083,0.866540789604,6.61774015427,0.60489654541,0.571428596973,0.85774230957,"[[ 836 1645]
 [ 339 2114]]"
True,same,sigmoid,sgd,5,74,0.01,0.1,0.0001,278,44,75,0.2,tanh,"[1, 2, 4, 6, 8]",tanh,256,0.505606353283,0.81413513422,0.766545832157,0.904712378979,0.497879117727,0.827097058296,0.77494686842,0.914404988289,"[[1805  676]
 [ 276 2177]]"
True,same,sigmoid,sgd,2,76,0.005,0.1,0.001,260,58,75,0.1,tanh,"[1, 1]",tanh,64,0.379981905222,0.869677782059,0.85436218977,0.89172744751,0.36459672451,0.877435088158,0.860166311264,0.906772911549,"[[1925  556]
 [ 420 2033]]"
False,same,sigmoid,sgd,3,76,0.005,0.01,0.001,286,40,75,0.01,relu,"[1, 2, 4]",tanh,64,0.505810320377,0.826764941216,0.82977938652,0.823121845722,0.500494360924,0.834009766579,0.835328102112,0.828489542007,"[[2052  429]
 [ 425 2028]]"
False,same,sigmoid,sgd,4,70,0.025,0.1,0.01,256,50,75,0.001,tanh,"[1, 4, 8, 8]",relu,128,0.747115731239,0.500854432583,0.500854432583,1.0,0.747044563293,0.508653402328,0.508653402328,1.0,"[[   0 2481]
 [   0 2453]]"
True,same,sigmoid,sgd,3,62,0.01,0.01,0.01,296,48,75,0.2,relu,"[1, 1, 1]",tanh,64,0.76573830843,0.744472205639,0.754620552063,0.72665977478,0.750831723213,0.751623392105,0.760327219963,0.744493424892,"[[1905  576]
 [ 705 1748]]"
False,same,sigmoid,sgd,1,76,0.01,0.1,0.0001,260,46,75,0.001,relu,[1],relu,64,0.748448729515,0.606383621693,0.567437410355,0.902388632298,0.748720228672,0.616522789001,0.576804161072,0.909017086029,"[[ 755 1726]
 [ 268 2185]]"
True,same,sigmoid,sgd,4,78,0.005,0.01,0.01,260,50,75,0.2,tanh,"[1, 1, 1, 1]",tanh,128,0.756768643856,0.797833383083,0.768425107002,0.853670418262,0.751342773438,0.80057567358,0.771819531918,0.85532784462,"[[1825  656]
 [ 357 2096]]"
False,same,sigmoid,sgd,5,72,0.01,0.1,0.01,252,50,75,0.2,relu,"[1, 4, 8, 8, 4]",tanh,128,0.699355304241,0.500701844692,0.500701844692,1.0,0.699330508709,0.506753861904,0.506753861904,1.0,"[[   0 2481]
 [   0 2453]]"
False,same,sigmoid,sgd,5,64,0.005,0.1,0.0001,284,42,75,0.01,tanh,"[1, 2, 4, 6, 8]",tanh,128,6.28107213974,0.601098537445,0.56854146719,0.844846487045,6.28221082687,0.602152764797,0.569962978363,0.84175080061,"[[ 871 1610]
 [ 393 2060]]"
True,same,sigmoid,sgd,3,72,0.05,0.01,0.01,254,58,75,0.01,relu,"[1, 2, 4]",relu,64,2.03153085709,0.627246141434,0.630111634731,0.620731532574,2.025816679,0.643262982368,0.649939775467,0.646307349205,"[[1556  925]
 [ 964 1489]]"
False,same,sigmoid,sgd,4,74,0.005,0.01,0.001,272,56,75,0.2,tanh,"[1, 1, 1, 1]",tanh,128,1.12739300728,0.788434565067,0.825946569443,0.732034087181,1.13118100166,0.783922731876,0.833174884319,0.714635193348,"[[2073  408]
 [ 650 1803]]"
False,same,sigmoid,sgd,5,78,0.025,0.1,0.001,282,48,75,0.01,relu,"[1, 2, 4, 4, 2]",relu,128,1.57816004753,0.500610291958,0.500503599644,1.0,1.57807052135,0.507175981998,0.507175981998,1.0,"[[   0 2481]
 [   0 2453]]"
False,same,sigmoid,sgd,3,78,0.005,0.01,0.001,298,42,75,0.3,relu,"[1, 2, 4]",relu,128,0.721034884453,0.796155035496,0.797163426876,0.795024991035,0.711559474468,0.793996691704,0.804320693016,0.784758865833,"[[1954  527]
 [ 532 1921]]"
False,same,sigmoid,sgd,4,78,0.005,0.01,0.0001,290,44,75,0.0,tanh,"[1, 4, 8, 8]",tanh,64,0.675395667553,0.819942772388,0.819991469383,0.820987999439,0.66534101963,0.819399356842,0.82239228487,0.819751083851,"[[1984  497]
 [ 420 2033]]"
True,same,sigmoid,sgd,1,76,0.01,0.01,0.0001,276,54,75,0.001,tanh,[1],relu,64,0.238474011421,0.931199371815,0.922724306583,0.941615998745,0.246696352959,0.927962660789,0.919123530388,0.938186228275,"[[1955  526]
 [ 484 1969]]"
True,same,sigmoid,sgd,1,64,0.05,0.01,0.001,278,40,75,0.001,relu,[1],tanh,256,0.204555258155,0.958243906498,0.953917920589,0.963191628456,0.198003426194,0.95682567358,0.955083727837,0.958999633789,"[[1964  517]
 [ 537 1916]]"
False,same,sigmoid,sgd,3,74,0.05,0.01,0.01,294,40,75,0.2,tanh,"[1, 1, 1]",relu,128,1.8108253479,0.501010894775,0.501010894775,0.999999940395,1.8107970953,0.502672672272,0.502672672272,1.0,"[[   0 2481]
 [   0 2453]]"
False,same,sigmoid,sgd,3,74,0.05,0.1,0.001,298,48,75,0.0,relu,"[1, 4, 8]",relu,128,0.695501804352,0.500915467739,0.500915467739,1.0,0.695426940918,0.504221141338,0.504221141338,1.0,"[[   0 2481]
 [   0 2453]]"
True,same,sigmoid,sgd,1,60,0.01,0.01,0.001,274,44,75,0.001,relu,[1],tanh,256,0.416713505983,0.865602552891,0.848933458328,0.890287816525,0.414236456156,0.86348682642,0.849603176117,0.882522702217,"[[1811  670]
 [ 488 1965]]"
False,same,sigmoid,sgd,2,66,0.01,0.1,0.01,268,44,75,0.0,relu,"[1, 1]",tanh,128,0.868063807487,0.501225292683,0.501118421555,0.999938845634,0.868015289307,0.502467095852,0.502467095852,1.0,"[[   0 2481]
 [   1 2452]]"
True,same,sigmoid,sgd,1,72,0.05,0.1,0.001,288,46,75,0.0,tanh,[1],tanh,64,0.532195687294,0.795181810856,0.811492264271,0.770427048206,0.478251218796,0.826501607895,0.835504889488,0.819816231728,"[[1981  500]
 [ 617 1836]]"
False,same,sigmoid,sgd,4,74,0.005,0.01,0.01,286,50,75,0.0,tanh,"[1, 4, 8, 8]",tanh,256,14.0185880661,0.598002552986,0.56641793251,0.836824655533,14.0179462433,0.607429265976,0.579292654991,0.840645670891,"[[ 882 1599]
 [ 405 2048]]"
True,same,sigmoid,sgd,2,74,0.05,0.1,0.001,260,50,75,0.1,tanh,"[1, 1]",relu,256,0.664141476154,0.76444453001,0.756073057652,0.782193958759,0.654261350632,0.772615134716,0.763518929482,0.784411251545,"[[1816  665]
 [ 554 1899]]"
True,same,sigmoid,sgd,2,74,0.05,0.1,0.001,266,58,75,0.1,relu,"[1, 4]",relu,64,0.661230325699,0.709569334984,0.70088404417,0.732850909233,0.659139871597,0.710645318031,0.706066548824,0.733035385609,"[[1716  765]
 [ 666 1787]]"
False,same,sigmoid,sgd,3,78,0.05,0.01,0.001,268,46,75,0.2,tanh,"[1, 2, 4]",tanh,256,2.96613407135,0.65204334259,0.639095187187,0.70034879446,2.96497559547,0.658716738224,0.651055693626,0.70549082756,"[[1360 1121]
 [ 699 1754]]"
False,same,sigmoid,sgd,1,78,0.025,0.01,0.0001,264,56,75,0.001,relu,[1],relu,128,0.436294704676,0.843118727207,0.834904253483,0.856691002846,0.426553726196,0.849712193012,0.841706514359,0.863394677639,"[[1984  497]
 [ 476 1977]]"
True,same,sigmoid,sgd,1,68,0.025,0.01,0.001,286,42,75,0.001,relu,[1],relu,64,0.225081145763,0.951726853848,0.94545674324,0.958964049816,0.160325780511,0.95725440979,0.94621515274,0.970179736614,"[[2000  481]
 [ 465 1988]]"
False,same,sigmoid,sgd,1,72,0.05,0.1,0.01,276,44,75,0.001,tanh,[1],tanh,256,0.683207333088,0.60532438755,0.569614648819,0.86713963747,0.688283920288,0.598478615284,0.566941738129,0.86726385355,"[[ 832 1649]
 [ 338 2115]]"
False,same,sigmoid,sgd,3,66,0.025,0.01,0.001,276,50,75,0.001,tanh,"[1, 4, 8]",tanh,256,1.41459429264,0.744072020054,0.740756332874,0.752354741096,1.41674351692,0.744860231876,0.741499364376,0.747933864594,"[[1809  672]
 [ 649 1804]]"
True,same,sigmoid,sgd,3,72,0.05,0.01,0.001,282,50,75,0.3,tanh,"[1, 2, 4]",relu,64,0.677045047283,0.742797076702,0.850336611271,0.590947747231,0.677044928074,0.742491900921,0.849387049675,0.590024352074,"[[2203  278]
 [ 919 1534]]"
False,same,sigmoid,sgd,5,78,0.01,0.1,0.01,278,48,75,0.1,relu,"[1, 1, 1, 1, 1]",relu,256,33.8529167175,0.501501083374,0.50075262785,0.998713254929,33.8528900146,0.50633174181,0.505705833435,1.0,"[[   8 2473]
 [   9 2444]]"
True,same,sigmoid,sgd,1,76,0.05,0.01,0.0001,250,52,75,0.0,relu,[1],tanh,256,0.206468224525,0.943201959133,0.935220777988,0.952706813812,0.209435492754,0.941536486149,0.931160867214,0.954887211323,"[[1925  556]
 [ 535 1918]]"
False,same,sigmoid,sgd,4,60,0.01,0.01,0.001,260,46,75,0.001,relu,"[1, 4, 8, 8]",relu,128,0.638914585114,0.799633800983,0.787110328674,0.823214530945,0.641449511051,0.795230269432,0.787465929985,0.818034768105,"[[1933  548]
 [ 464 1989]]"
False,same,sigmoid,sgd,5,62,0.025,0.01,0.001,284,52,75,0.001,relu,"[1, 4, 8, 8, 4]",tanh,64,0.507137417793,0.813790559769,0.808490335941,0.823715209961,0.500620603561,0.824675321579,0.816049396992,0.826249957085,"[[2011  470]
 [ 455 1998]]"
False,same,sigmoid,sgd,1,70,0.025,0.1,0.001,260,52,75,0.001,tanh,[1],tanh,64,0.653890371323,0.642839729786,0.605074584484,0.826422691345,0.653847396374,0.649350643158,0.610083580017,0.829278230667,"[[1121 1360]
 [ 505 1948]]"
False,same,sigmoid,sgd,5,64,0.005,0.01,0.001,284,48,75,0.2,tanh,"[1, 1, 1, 1, 1]",tanh,64,1.0179656744,0.783486604691,0.798479378223,0.75960367918,1.01020848751,0.79079324007,0.806314051151,0.770171165466,"[[1997  484]
 [ 579 1874]]"
True,same,sigmoid,sgd,1,74,0.05,0.1,0.001,292,58,75,0.1,relu,[1],tanh,64,0.525108397007,0.850216269493,0.827535331249,0.885851442814,0.385679811239,0.938108742237,0.922230958939,0.956415474415,"[[1831  650]
 [ 536 1917]]"
False,same,sigmoid,sgd,2,78,0.05,0.1,0.001,288,48,75,0.0,tanh,"[1, 1]",tanh,128,0.70086556673,0.501037538052,0.501037538052,1.0,0.700832247734,0.50337690115,0.50337690115,1.0,"[[   0 2481]
 [   0 2453]]"
True,same,sigmoid,sgd,2,60,0.005,0.01,0.0001,256,56,75,0.2,relu,"[1, 2]",relu,64,0.697668790817,0.789242863655,0.786754906178,0.794600486755,0.69269746542,0.787540555,0.793344318867,0.780201971531,"[[1890  591]
 [ 552 1901]]"
True,same,sigmoid,sgd,3,78,0.005,0.1,0.001,254,56,75,0.3,tanh,"[1, 4, 8]",tanh,64,0.621547460556,0.756715595722,0.712251126766,0.863246798515,0.610882878304,0.767451286316,0.718097865582,0.866997122765,"[[1618  863]
 [ 368 2085]]"
True,same,sigmoid,sgd,5,62,0.05,0.1,0.01,286,42,75,0.01,relu,"[1, 2, 4, 4, 2]",tanh,128,1.53020179272,0.570186138153,0.607919335365,0.400231450796,1.53277754784,0.563322365284,0.594132065773,0.399671047926,"[[1845  636]
 [1497  956]]"
True,same,sigmoid,sgd,4,60,0.05,0.01,0.0001,292,40,75,0.3,tanh,"[1, 4, 8, 8]",tanh,128,0.667508304119,0.730851411819,0.709151983261,0.784726858139,0.654763758183,0.737458884716,0.714393377304,0.785093188286,"[[1679  802]
 [ 514 1939]]"
False,same,sigmoid,sgd,5,74,0.005,0.1,0.01,298,48,75,0.01,tanh,"[1, 2, 4, 6, 8]",relu,128,13.975522995,0.542386353016,0.523693799973,0.970071136951,13.9754228592,0.539890229702,0.522547006607,0.969314813614,"[[ 272 2209]
 [ 100 2353]]"
False,same,sigmoid,sgd,2,60,0.025,0.01,0.01,294,42,75,0.001,relu,"[1, 2]",relu,64,0.797446608543,0.501157343388,0.501051008701,0.999939203262,0.79741102457,0.505343198776,0.505343198776,0.999999940395,"[[   0 2481]
 [   0 2453]]"
False,same,sigmoid,sgd,4,72,0.025,0.01,0.01,280,44,75,0.01,tanh,"[1, 2, 4, 6]",relu,64,0.895539700985,0.500974595547,0.500974595547,1.0,0.895454227924,0.506370723248,0.506370723248,1.0,"[[   0 2481]
 [   0 2453]]"
False,same,sigmoid,sgd,4,72,0.05,0.01,0.0001,266,40,75,0.3,tanh,"[1, 2, 4, 6]",relu,64,0.329023241997,0.884235858917,0.873597860336,0.899131059647,0.321779459715,0.891842544079,0.880672931671,0.908027410507,"[[2092  389]
 [ 366 2087]]"
False,same,sigmoid,sgd,2,62,0.01,0.01,0.01,290,56,75,0.01,tanh,"[1, 4]",relu,64,0.724626779556,0.501614153385,0.501614153385,1.0,0.724600434303,0.502466082573,0.502466082573,1.0,"[[   0 2481]
 [   0 2453]]"
True,same,sigmoid,sgd,2,62,0.05,0.1,0.001,270,58,75,0.0,relu,"[1, 2]",tanh,256,0.578346908092,0.734483122826,0.716743469238,0.778408765793,0.559851944447,0.742598712444,0.7265625,0.771144270897,"[[1713  768]
 [ 590 1863]]"
True,same,sigmoid,sgd,5,74,0.025,0.01,0.01,264,58,75,0.2,tanh,"[1, 2, 4, 4, 2]",tanh,64,2.29505634308,0.594048857689,0.686611711979,0.349398314953,2.29054713249,0.596996724606,0.678600490093,0.343917518854,"[[1867  614]
 [1253 1200]]"
True,same,sigmoid,sgd,2,62,0.005,0.1,0.001,294,48,75,0.0,relu,"[1, 2]",relu,128,0.549570858479,0.780073225498,0.769558846951,0.801448225975,0.569517552853,0.771587193012,0.763341069221,0.798220813274,"[[1883  598]
 [ 546 1907]]"
True,same,sigmoid,sgd,2,68,0.025,0.1,0.01,268,58,75,0.1,tanh,"[1, 2]",relu,128,0.937245309353,0.757583141327,0.760838806629,0.75315028429,0.939796864986,0.758840441704,0.753865480423,0.755443871021,"[[1915  566]
 [ 625 1828]]"
True,same,sigmoid,sgd,2,66,0.01,0.01,0.0001,252,56,75,0.3,relu,"[1, 1]",tanh,128,0.798863351345,0.803539812565,0.802701711655,0.806414306164,0.787378072739,0.809621691704,0.805860817432,0.815150260925,"[[1905  576]
 [ 579 1874]]"
True,same,sigmoid,sgd,2,70,0.01,0.1,0.01,260,42,75,0.01,relu,"[1, 4]",tanh,256,0.5899502635,0.751210033894,0.761735141277,0.732432246208,0.60582870245,0.744449019432,0.759949207306,0.726426541805,"[[1906  575]
 [ 702 1751]]"
False,same,sigmoid,sgd,1,66,0.01,0.01,0.0001,292,54,75,0.001,relu,[1],relu,256,0.660420954227,0.669842481613,0.635811150074,0.799193322659,0.659419417381,0.671875,0.634066283703,0.800663053989,"[[1269 1212]
 [ 543 1910]]"
False,same,sigmoid,sgd,1,76,0.05,0.01,0.01,268,58,75,0.3,tanh,[1],relu,64,0.419319033623,0.854784667492,0.82036948204,0.909400224686,0.411077797413,0.86079543829,0.82659381628,0.915288448334,"[[1795  686]
 [ 420 2033]]"
True,same,sigmoid,sgd,4,64,0.025,0.01,0.0001,296,48,75,0.0,tanh,"[1, 4, 8, 8]",relu,256,0.410377800465,0.849610865116,0.900398373604,0.787119626999,0.419991612434,0.841488480568,0.888105332851,0.779933989048,"[[2206  275]
 [ 515 1938]]"
False,same,sigmoid,sgd,5,70,0.005,0.01,0.0001,262,46,75,0.2,tanh,"[1, 1, 1, 1, 1]",tanh,64,,,,,,,,,
True,same,sigmoid,sgd,6,70,0.05,0.01,0.0001,280,56,75,0.3,relu,"[1, 4, 8, 8, 4, 1]",tanh,64,,,,,,,,,
False,same,sigmoid,sgd,5,62,0.05,0.1,0.001,296,54,75,0.0,tanh,"[1, 4, 8, 8, 4]",relu,64,,,,,,,,,
True,same,sigmoid,sgd,3,64,0.05,0.01,0.01,266,50,75,0.001,tanh,"[1, 4, 8]",tanh,128,0.992685556412,0.498133927584,0.498896539211,0.948896944523,0.992463707924,0.489095062017,0.492416441441,0.936414301395,"[[2977  117]
 [3024   50]]"
False,same,sigmoid,sgd,5,68,0.01,0.01,0.001,274,52,75,0.001,tanh,"[1, 1, 1, 1, 1]",relu,64,9.0142993927,0.499792993069,0.499756395817,0.999805033207,9.01457118988,0.496974647045,0.496892392635,1.0,"[[   0 3094]
 [   1 3073]]"
True,same,sigmoid,sgd,5,68,0.025,0.01,0.001,270,58,75,0.001,relu,"[1, 4, 8, 8, 4]",tanh,256,1.31009852886,0.50314438343,0.503005921841,0.434520632029,1.30879449844,0.5126953125,0.517429172993,0.461165070534,"[[  19 3075]
 [  16 3058]]"
False,same,sigmoid,sgd,5,70,0.05,0.01,0.01,282,40,75,0.3,tanh,"[1, 4, 8, 8, 4]",tanh,128,0.869964599609,0.49967071414,0.49967071414,1.0,0.869986236095,0.496446877718,0.496446877718,0.999999940395,"[[   0 3094]
 [   0 3074]]"
True,same,sigmoid,sgd,3,76,0.001,0.01,0.01,296,56,75,0.01,relu,"[1, 2, 4]",relu,64,14.041056633,0.498088121414,0.497996896505,0.514837026596,14.0394496918,0.5029296875,0.50271999836,0.511559784412,"[[  66 3028]
 [  37 3037]]"
True,same,sigmoid,sgd,5,76,0.001,0.1,0.001,284,40,75,0.001,relu,"[1, 4, 8, 8, 4]",tanh,128,,,,,,,,,
True,same,sigmoid,sgd,4,70,0.005,0.1,0.01,280,52,75,0.3,relu,"[1, 2, 4, 4]",relu,128,8.36301422119,0.499865859747,0.499804854393,1.0,8.36343574524,0.498760521412,0.498760521412,1.0,"[[   0 3094]
 [   0 3074]]"
False,same,sigmoid,sgd,3,78,0.025,0.1,0.01,270,54,75,0.01,relu,"[1, 1, 1]",relu,128,,,,,,,,,
True,same,sigmoid,sgd,3,62,0.01,0.1,0.01,268,40,75,0.3,relu,"[1, 4, 8]",tanh,128,0.877512633801,0.499743878841,0.499876916409,0.594283521175,0.877793908119,0.494140625,0.499591618776,0.590982317924,"[[ 120 2974]
 [  66 3008]]"
True,same,sigmoid,sgd,5,70,0.01,0.01,0.0001,280,46,75,0.1,tanh,"[1, 1, 1, 1, 1]",relu,64,3.94805455208,0.501644015312,0.500742912292,0.968958675861,3.94886803627,0.501226484776,0.499573618174,0.96190482378,"[[   6 3088]
 [   3 3071]]"
True,same,sigmoid,sgd,1,64,0.05,0.01,0.0001,292,40,75,0.0,relu,[1],tanh,128,0.738099515438,0.500573277473,0.500145614147,0.838361680508,0.738113164902,0.492811113596,0.494275569916,0.831617355347,"[[   0 3094]
 [   2 3072]]"
True,same,sigmoid,sgd,4,70,0.001,0.1,0.0001,286,58,75,0.3,tanh,"[1, 2, 4, 6]",relu,256,8.85634803772,0.501480460167,0.506754696369,0.0826721563935,8.8577337265,0.498372405767,0.493392050266,0.0728218480945,"[[  14 3080]
 [   5 3069]]"
True,same,sigmoid,sgd,6,66,0.01,0.1,0.0001,260,44,75,0.001,relu,"[1, 1, 1, 1, 1, 1]",tanh,256,3.58998036385,0.499865442514,0.49986538291,0.999902069569,3.58449912071,0.50423181057,0.504313886166,0.999677300453,"[[   0 3094]
 [   0 3074]]"
False,same,sigmoid,sgd,2,72,0.05,0.01,0.001,260,48,75,0.2,tanh,"[1, 1]",relu,256,3.25164079666,0.499596267939,0.499596267939,1.0,3.25640130043,0.497768968344,0.497768968344,1.0,"[[   0 3094]
 [   0 3074]]"
False,same,sigmoid,sgd,2,62,0.025,0.1,0.01,286,44,75,0.3,tanh,"[1, 2]",relu,256,0.80932623148,0.500575065613,0.500575065613,1.0,0.809336125851,0.49755859375,0.49755859375,1.0,"[[   0 3094]
 [   0 3074]]"
True,same,sigmoid,sgd,2,62,0.025,0.1,0.01,288,40,75,0.2,tanh,"[1, 1]",tanh,256,1.01198542118,0.500183522701,0.500126600266,0.48343205452,1.01187086105,0.50960290432,0.508575439453,0.474526464939,"[[  21 3073]
 [  17 3057]]"
False,same,sigmoid,sgd,1,78,0.025,0.01,0.001,272,48,75,0.01,tanh,[1],relu,256,0.899770915508,0.499424993992,0.499424993992,1.0,0.899752438068,0.499421566725,0.499421566725,1.0,"[[ 440 2654]
 [ 154 2920]]"
True,same,sigmoid,sgd,6,60,0.001,0.1,0.01,260,58,75,0.01,relu,"[1, 4, 8, 8, 4, 1]",relu,64,2.34609699249,0.501741409302,0.500876784325,0.987870812416,2.34524345398,0.50341796875,0.503377795219,0.988033652306,"[[  12 3082]
 [  12 3062]]"
True,same,sigmoid,sgd,5,62,0.05,0.01,0.001,274,48,75,0.001,tanh,"[1, 2, 4, 4, 2]",tanh,128,1.71153080463,0.49967071414,0.499666631222,0.98784416914,1.71145653725,0.49991735816,0.5,0.987772703171,"[[   0 3094]
 [   0 3074]]"
False,same,sigmoid,sgd,4,78,0.005,0.1,0.001,292,50,75,0.001,relu,"[1, 2, 4, 6]",relu,256,5.63699388504,0.501186788082,0.500620186329,0.928445577621,5.63700675964,0.50439453125,0.500528931618,0.930514633656,"[[  43 3051]
 [  33 3041]]"
False,same,sigmoid,sgd,6,62,0.05,0.1,0.0001,258,54,75,0.3,relu,"[1, 4, 8, 8, 4, 1]",tanh,256,0.693197071552,0.500036716461,0.0,0.0,0.693193376064,0.50244140625,0.0,0.0,"[[3094    0]
 [3074    0]]"
True,same,sigmoid,sgd,3,74,0.025,0.1,0.01,276,40,75,0.01,relu,"[1, 2, 4]",relu,64,1.06495976448,0.499573796988,0.49939841032,0.687954008579,1.06510770321,0.495012253523,0.494159728289,0.682132303715,"[[3038   56]
 [3043   31]]"
False,same,sigmoid,sgd,5,74,0.025,0.01,0.0001,280,42,75,0.0,tanh,"[1, 4, 8, 8, 4]",tanh,64,1.14288973808,0.499817341566,0.499817341566,1.0,1.14311552048,0.495993465185,0.495993465185,1.0,"[[   9 3085]
 [   9 3065]]"
True,same,sigmoid,sgd,2,72,0.05,0.01,0.0001,262,48,75,0.001,relu,"[1, 1]",tanh,256,0.884178459644,0.498495131731,0.498402565718,0.419765174389,0.88423371315,0.48974609375,0.483281493187,0.407674640417,"[[  11 3083]
 [   4 3070]]"
True,same,sigmoid,sgd,3,68,0.001,0.01,0.01,284,54,75,0.01,tanh,"[1, 4, 8]",tanh,64,4.82165288925,0.500255763531,0.500043809414,0.556210696697,4.82166004181,0.491536468267,0.49050539732,0.548872232437,"[[1512 1582]
 [1740 1334]]"
False,same,sigmoid,sgd,6,72,0.025,0.01,0.0001,280,48,75,0.01,tanh,"[1, 1, 1, 1, 1, 1]",relu,128,2.63500976562,0.49967071414,0.49967071414,1.0,2.6353905201,0.498209655285,0.498209655285,1.0,"[[1198 1896]
 [ 633 2441]]"
False,same,sigmoid,sgd,4,78,0.05,0.1,0.001,258,50,75,0.001,relu,"[1, 2, 4, 4]",tanh,128,0.693707406521,0.500256121159,0.0,0.0,0.693707466125,0.50032556057,0.0,0.0,"[[3094    0]
 [3074    0]]"
True,same,sigmoid,sgd,6,76,0.01,0.1,0.0001,298,44,75,0.0,relu,"[1, 4, 8, 8, 4, 1]",relu,128,3.60337781906,0.500378131866,0.499963372946,0.999902427197,3.60317277908,0.500247895718,0.499834597111,1.0,"[[   8 3086]
 [   0 3074]]"
True,same,sigmoid,sgd,2,72,0.025,0.1,0.01,290,40,75,0.01,tanh,"[1, 2]",tanh,128,0.978440403938,0.497889995575,0.498640328646,0.976166129112,0.976652979851,0.50371837616,0.503629922867,0.979317128658,"[[2954  140]
 [3004   70]]"
True,same,sigmoid,sgd,5,68,0.05,0.01,0.001,264,46,75,0.1,tanh,"[1, 4, 8, 8, 4]",relu,128,1.33811569214,0.499036461115,0.499216467142,0.90224134922,1.33815824986,0.497603684664,0.497522503138,0.899767696857,"[[   9 3085]
 [  10 3064]]"
True,same,sigmoid,sgd,4,70,0.005,0.01,0.01,270,46,75,0.3,relu,"[1, 1, 1, 1]",relu,128,23.4562740326,0.498499810696,0.497142851353,0.305754870176,23.4561309814,0.510163605213,0.515184402466,0.314569532871,"[[3086    8]
 [3071    3]]"
True,same,sigmoid,sgd,2,68,0.01,0.01,0.01,274,58,75,0.01,tanh,"[1, 2]",relu,128,1.0350445509,0.499743878841,0.499743878841,1.0,1.03647637367,0.496612131596,0.496612131596,1.0,"[[   0 3094]
 [   0 3074]]"
False,same,sigmoid,sgd,2,66,0.001,0.1,0.001,268,44,75,0.001,tanh,"[1, 2]",relu,128,4.2181801796,0.502305150032,0.502240359783,0.486824125051,4.21871757507,0.501953125,0.498159915209,0.488356858492,"[[2440  654]
 [2384  690]]"
True,same,sigmoid,sgd,5,64,0.01,0.1,0.01,250,48,75,0.0,relu,"[1, 4, 8, 8, 4]",relu,256,6.56864690781,0.500795304775,0.500259459019,0.849845707417,6.5687251091,0.496777385473,0.496799200773,0.850265622139,"[[  15 3079]
 [  11 3063]]"
False,same,sigmoid,sgd,1,62,0.005,0.1,0.001,290,52,75,0.3,relu,[1],tanh,64,0.693418264389,0.499817341566,0.499658316374,0.998244643211,0.693412482738,0.50537109375,0.505460500717,0.998390257359,"[[   4 3090]
 [   5 3069]]"
True,same,sigmoid,sgd,4,60,0.005,0.1,0.001,296,56,75,0.01,tanh,"[1, 1, 1, 1]",relu,64,7.43382883072,0.500255763531,0.499878078699,0.999414861202,7.43548870087,0.498773515224,0.498280644417,0.999671518803,"[[   3 3091]
 [   5 3069]]"
False,same,sigmoid,sgd,6,66,0.05,0.1,0.001,258,46,75,0.01,relu,"[1, 2, 4, 6, 8, 10]",tanh,256,0.69688308239,0.499204754829,0.499204754829,1.0,0.696870326996,0.5029296875,0.5029296875,1.0,"[[   0 3094]
 [   0 3074]]"
True,same,sigmoid,sgd,1,62,0.025,0.1,0.01,280,42,75,0.0,tanh,[1],relu,64,0.708726763725,0.50047492981,0.0,0.0,0.708505153656,0.506022155285,0.0,0.0,"[[3094    0]
 [3074    0]]"
True,same,sigmoid,sgd,3,64,0.001,0.01,0.01,250,52,75,0.01,tanh,"[1, 4, 8]",tanh,256,7.57653617859,0.49866643548,0.498650789261,0.479275763035,7.5764169693,0.49755859375,0.497434169054,0.473307311535,"[[3068   26]
 [3058   16]]"
False,same,sigmoid,sgd,2,74,0.025,0.01,0.01,268,44,75,0.3,relu,"[1, 2]",tanh,256,0.780873656273,0.500991046429,0.20000000298,4.90436505061e-05,0.780889928341,0.498860687017,0.0,0.0,"[[3094    0]
 [3074    0]]"
False,same,sigmoid,sgd,6,70,0.001,0.01,0.0001,272,58,75,0.0,tanh,"[1, 2, 4, 4, 2, 1]",relu,128,2.70609140396,0.501256287098,0.500933051109,0.537218749523,2.70624303818,0.495279967785,0.495349526405,0.537784993649,"[[ 441 2653]
 [ 164 2910]]"
True,same,sigmoid,sgd,4,66,0.025,0.01,0.0001,274,52,75,0.1,tanh,"[1, 1, 1, 1]",relu,256,2.23052310944,0.502336859703,0.501633405685,0.706440865993,2.23068618774,0.494791686535,0.497458428144,0.698572337627,"[[  20 3074]
 [  12 3062]]"
True,same,sigmoid,sgd,4,68,0.01,0.1,0.001,284,44,75,0.2,relu,"[1, 4, 8, 8]",tanh,128,2.54691433907,0.502329587936,0.501204133034,0.853363275528,2.54751992226,0.499421566725,0.5,0.856718420982,"[[   5 3089]
 [   4 3070]]"
True,same,sigmoid,sgd,1,76,0.005,0.01,0.01,254,40,75,0.01,tanh,[1],relu,128,1.47033369541,0.499939024448,0.499850183725,0.976962149143,1.47036755085,0.49611634016,0.496201276779,0.97836214304,"[[   0 3094]
 [   0 3074]]"
False,same,sigmoid,sgd,1,78,0.01,0.01,0.0001,276,44,75,0.3,tanh,[1],relu,128,0.76342433691,0.500207364559,0.50015860796,0.999951243401,0.76374489069,0.496612131596,0.496612131596,1.0,"[[3087    7]
 [3066    8]]"
True,same,sigmoid,sgd,4,72,0.05,0.01,0.001,252,40,75,0.01,tanh,"[1, 2, 4, 4]",relu,64,0.781246960163,0.500158309937,0.500048756599,0.99990260601,0.782044172287,0.495502859354,0.495502859354,1.0,"[[   2 3092]
 [   1 3073]]"
True,same,sigmoid,sgd,4,72,0.025,0.01,0.0001,264,50,75,0.001,relu,"[1, 4, 8, 8]",relu,64,0.708067953587,0.506782948971,0.510863780975,0.326305031776,0.70679807663,0.512183189392,0.52284526825,0.327906221151,"[[  33 3061]
 [  13 3061]]"
False,same,sigmoid,sgd,4,68,0.001,0.01,0.0001,274,50,75,0.001,tanh,"[1, 4, 8, 8]",tanh,64,1.35078585148,0.500499308109,0.505520522594,0.0312332510948,1.34928798676,0.499674499035,0.488262921572,0.0338872596622,"[[1921 1173]
 [2286  788]]"
False,same,sigmoid,sgd,4,62,0.025,0.1,0.01,286,56,75,0.01,tanh,"[1, 4, 8, 8]",tanh,128,0.78252363205,0.499597519636,0.499597519636,0.999999940395,0.78252017498,0.50569665432,0.50569665432,1.0,"[[   0 3094]
 [   0 3074]]"
False,same,sigmoid,sgd,1,72,0.01,0.01,0.001,258,56,75,0.001,tanh,[1],relu,256,0.73930066824,0.50050163269,0.500149667263,0.900019586086,0.739304244518,0.497395843267,0.498741477728,0.902407288551,"[[  58 3036]
 [  26 3048]]"
True,same,sigmoid,sgd,2,60,0.01,0.01,0.0001,252,56,75,0.001,relu,"[1, 2]",relu,128,1.26408624649,0.501939296722,0.503157317638,0.256736963987,1.26394331455,0.50371837616,0.502570688725,0.259714365005,"[[  40 3054]
 [  19 3055]]"
True,same,sigmoid,sgd,2,76,0.005,0.1,0.01,272,40,75,0.2,tanh,"[1, 1]",relu,64,0.949457466602,0.499354600906,0.498678416014,0.248136788607,0.949468553066,0.50081384182,0.512666642666,0.247665077448,"[[  63 3031]
 [  53 3021]]"
True,same,sigmoid,sgd,1,72,0.01,0.01,0.001,288,52,75,0.0,tanh,[1],tanh,64,0.850896537304,0.499573796988,0.499585866928,0.999756276608,0.851366400719,0.496974647045,0.496974647045,1.0,"[[  18 3076]
 [   7 3067]]"
True,same,sigmoid,sgd,2,70,0.005,0.1,0.0001,258,52,75,0.001,tanh,"[1, 2]",relu,128,1.10931277275,0.50050008297,0.500601947308,0.567812740803,1.10964727402,0.493001312017,0.497306495905,0.566537499428,"[[   7 3087]
 [   8 3066]]"
True,same,sigmoid,sgd,5,60,0.001,0.01,0.0001,298,58,75,0.01,tanh,"[1, 4, 8, 8, 4]",relu,64,1.34585464001,0.502252876759,0.501980304718,0.580293238163,1.34453618526,0.509765625,0.504323542118,0.594150543213,"[[   8 3086]
 [   8 3066]]"
True,same,sigmoid,sgd,2,74,0.001,0.01,0.0001,276,44,75,0.1,tanh,"[1, 4]",tanh,128,1.1520138979,0.501475811005,0.500929653645,0.500024437904,1.15305364132,0.498697936535,0.492522418499,0.488303124905,"[[  26 3068]
 [  15 3059]]"
True,same,sigmoid,sgd,2,78,0.025,0.01,0.0001,276,58,75,0.3,relu,"[1, 2]",relu,256,1.05694019794,0.499889910221,0.500036656857,0.333382278681,1.05710244179,0.48828125,0.479566723108,0.318196684122,"[[   8 3086]
 [   2 3072]]"
True,same,sigmoid,sgd,6,66,0.001,0.01,0.0001,262,54,75,0.0,tanh,"[1, 2, 4, 6, 8, 10]",tanh,256,2.01916718483,0.503707170486,0.503408372402,0.502668857574,2.02056050301,0.50862634182,0.513702988625,0.519162654877,"[[   8 3086]
 [   9 3065]]"
True,same,sigmoid,sgd,3,70,0.001,0.01,0.01,254,50,75,0.3,relu,"[1, 1, 1]",relu,128,0.746384739876,0.499256014824,0.499256014824,1.0,0.746385514736,0.496907562017,0.496907562017,1.0,"[[   0 3094]
 [   0 3074]]"
False,same,sigmoid,sgd,3,78,0.01,0.01,0.001,276,48,75,0.3,tanh,"[1, 2, 4]",tanh,64,3.01537871361,0.499817341566,0.499805152416,1.0,3.01547074318,0.498937040567,0.498937040567,1.0,"[[3087    7]
 [3065    9]]"
False,same,sigmoid,sgd,2,60,0.05,0.01,0.001,278,54,75,0.2,tanh,"[1, 2]",tanh,64,0.695833623409,0.500012159348,0.500012159348,1.0,0.695830762386,0.501953125,0.501953125,1.0,"[[   0 3094]
 [   0 3074]]"
False,same,sigmoid,sgd,3,70,0.025,0.01,0.001,280,58,75,0.1,tanh,"[1, 4, 8]",tanh,256,2.18886017799,0.499302625656,0.499302625656,1.0,2.18911457062,0.497768968344,0.497768968344,1.0,"[[   0 3094]
 [   0 3074]]"
True,same,sigmoid,sgd,1,76,0.05,0.01,0.0001,272,44,75,0.001,tanh,[1],relu,256,1.09476065636,0.499987781048,0.0,0.0,1.09299063683,0.5009765625,0.0,0.0,"[[  83 3011]
 [  47 3027]]"
False,same,sigmoid,sgd,4,78,0.025,0.1,0.001,288,40,75,0.1,relu,"[1, 1, 1, 1]",relu,128,,,,,,,,,
True,same,sigmoid,sgd,1,64,0.005,0.1,0.01,290,50,75,0.2,relu,[1],relu,64,0.709076225758,0.496602475643,0.496059238911,0.457017570734,0.708946347237,0.496907562017,0.498622596264,0.46967241168,"[[ 195 2899]
 [  66 3008]]"
True,same,sigmoid,sgd,3,70,0.01,0.1,0.01,270,48,75,0.001,relu,"[1, 2, 4]",relu,128,0.864025354385,0.499548733234,0.499797046185,0.780715048313,0.86410844326,0.500162780285,0.497622489929,0.789698183537,"[[1143 1951]
 [1382 1692]]"
True,same,sigmoid,sgd,6,60,0.01,0.1,0.001,268,44,75,0.3,tanh,"[1, 2, 4, 4, 2, 1]",relu,256,10.3881521225,0.500012278557,0.499926567078,1.0,10.3881921768,0.498595267534,0.498595267534,1.0,"[[   0 3094]
 [   1 3073]]"
False,same,sigmoid,sgd,5,74,0.05,0.1,0.0001,284,44,75,0.2,relu,"[1, 2, 4, 4, 2]",relu,256,,,,,,,,,
False,same,sigmoid,sgd,3,74,0.001,0.1,0.01,272,40,75,0.0,relu,"[1, 2, 4]",tanh,64,1.43401813507,0.500158309937,0.500146150589,1.0,1.43401563168,0.50374352932,0.50374352932,1.0,"[[   0 3094]
 [   0 3074]]"
False,same,sigmoid,sgd,2,68,0.001,0.1,0.001,290,52,75,0.2,tanh,"[1, 4]",tanh,256,4.00500011444,0.495387494564,0.494104355574,0.385533899069,4.00503063202,0.50179040432,0.50226432085,0.397135436535,"[[1480 1614]
 [1372 1702]]"
False,same,sigmoid,sgd,6,66,0.025,0.1,0.001,252,54,75,0.2,tanh,"[1, 2, 4, 6, 8, 10]",tanh,256,0.695334017277,0.499376058578,0.499376058578,1.0,0.69531339407,0.50423181057,0.50423181057,1.0,"[[   0 3094]
 [   0 3074]]"
False,same,sigmoid,sgd,1,78,0.005,0.1,0.0001,256,54,75,0.01,relu,[1],relu,128,0.694971263409,0.50084155798,0.500237584114,0.719832062721,0.694954037666,0.4912109375,0.492449849844,0.714285731316,"[[  17 3077]
 [   4 3070]]"
True,same,sigmoid,sgd,2,66,0.005,0.01,0.01,254,54,75,0.1,tanh,"[1, 2]",tanh,256,0.879747152328,0.503168821335,0.502369463444,0.689876198769,0.879458904266,0.50487524271,0.506624937057,0.689282238483,"[[3056   38]
 [3047   27]]"
False,same,sigmoid,sgd,2,72,0.01,0.1,0.0001,292,40,75,0.1,tanh,"[1, 2]",tanh,64,1.12233400345,0.49954944849,0.499585688114,0.999317586422,1.12231719494,0.498773515224,0.498854726553,0.999344527721,"[[   0 3094]
 [   4 3070]]"
False,same,sigmoid,sgd,2,76,0.05,0.1,0.01,264,48,75,0.3,relu,"[1, 1]",tanh,128,,,,,,,,,
True,same,sigmoid,sgd,3,66,0.005,0.1,0.01,270,48,75,0.001,relu,"[1, 1, 1]",tanh,128,8.64945983887,0.500743985176,0.500321745872,0.986434400082,8.65070438385,0.494794249535,0.495388239622,0.984010696411,"[[   0 3094]
 [   0 3074]]"
False,same,sigmoid,sgd,3,76,0.025,0.01,0.0001,264,56,75,0.1,tanh,"[1, 2, 4]",relu,256,1.69766700268,0.500134587288,0.49987757206,0.999902069569,1.69832825661,0.497107923031,0.496775239706,0.999999940395,"[[3071   23]
 [3061   13]]"
False,same,sigmoid,sgd,3,72,0.001,0.1,0.001,264,46,75,0.1,tanh,"[1, 2, 4]",tanh,128,6.98915863037,0.500695228577,0.500676751137,0.234791517258,6.99091625214,0.491373717785,0.489575862885,0.219961240888,"[[1963 1131]
 [1297 1777]]"
True,same,sigmoid,sgd,6,70,0.005,0.1,0.001,272,46,75,0.001,relu,"[1, 4, 8, 8, 4, 1]",relu,256,9.31690120697,0.500085651875,0.500108540058,0.676502287388,9.3186416626,0.490827947855,0.490168184042,0.690126776695,"[[   7 3087]
 [   6 3068]]"
False,same,sigmoid,sgd,5,66,0.05,0.01,0.001,262,54,75,0.01,relu,"[1, 4, 8, 8, 4]",relu,64,0.711747765541,0.499695569277,0.499695569277,1.0,0.711734175682,0.50520837307,0.50520837307,1.0,"[[   0 3094]
 [   0 3074]]"
True,same,sigmoid,sgd,4,78,0.05,0.1,0.0001,288,52,75,0.2,tanh,"[1, 2, 4, 4]",tanh,256,0.704209029675,0.497810006142,0.496906787157,0.330104231834,0.703338623047,0.508463561535,0.511661827564,0.343220323324,"[[3094    0]
 [3071    3]]"
False,same,sigmoid,sgd,5,78,0.01,0.1,0.001,276,54,75,0.2,tanh,"[1, 2, 4, 6, 8]",relu,64,0.694334745407,0.499866068363,0.499866068363,1.0,0.694325864315,0.50374352932,0.50374352932,1.0,"[[   0 3094]
 [   0 3074]]"
True,same,sigmoid,sgd,6,74,0.005,0.01,0.0001,294,46,75,0.2,relu,"[1, 4, 8, 8, 4, 1]",relu,64,1.45940971375,0.505005002022,0.503463745117,0.743255138397,1.45978724957,0.503092467785,0.504662752151,0.75161498785,"[[  20 3074]
 [   9 3065]]"
True,same,sigmoid,sgd,1,72,0.025,0.1,0.01,292,52,75,0.0,relu,[1],tanh,128,0.709199368954,0.499329179525,0.498537123203,0.274399757385,0.709209859371,0.495930999517,0.480314999819,0.261543542147,"[[3006   88]
 [3013   61]]"
True,same,sigmoid,sgd,5,78,0.01,0.01,0.0001,260,50,75,0.01,relu,"[1, 2, 4, 4, 2]",tanh,128,2.25632882118,0.503256499767,0.502808570862,0.537413954735,2.25616121292,0.507684707642,0.50450450182,0.539893627167,"[[   0 3094]
 [   3 3071]]"
False,same,sigmoid,sgd,2,78,0.01,0.1,0.01,252,52,75,0.2,relu,"[1, 4]",relu,256,0.737776577473,0.500232458115,0.0,0.0,0.737772583961,0.50276696682,0.0,0.0,"[[3094    0]
 [3074    0]]"
True,same,sigmoid,sgd,5,74,0.005,0.01,0.0001,260,42,75,0.3,tanh,"[1, 1, 1, 1, 1]",tanh,128,4.3516368866,0.499841451645,0.499634802341,0.433995425701,4.34973144531,0.50325524807,0.500371217728,0.441388338804,"[[   8 3086]
 [  10 3064]]"
True,same,sigmoid,sgd,6,62,0.05,0.1,0.01,254,56,75,0.3,relu,"[1, 2, 4, 6, 8, 10]",tanh,64,1.01334226131,0.500328779221,0.477777779102,0.00209633377381,1.01244926453,0.50390625,1.0,0.00131061603315,"[[ 417 2677]
 [ 141 2933]]"
True,same,sigmoid,sgd,5,70,0.001,0.01,0.001,298,42,75,0.01,relu,"[1, 2, 4, 4, 2]",tanh,128,5.2006483078,0.49693864584,0.497314810753,0.501121282578,5.19670963287,0.50423181057,0.504870116711,0.505526661873,"[[3084   10]
 [3066    8]]"
True,same,sigmoid,sgd,3,60,0.05,0.01,0.0001,270,48,75,0.001,relu,"[1, 2, 4]",relu,256,0.923570811749,0.499082416296,0.499316126108,0.750550687313,0.923317313194,0.50634765625,0.506628990173,0.75339370966,"[[  11 3083]
 [   6 3068]]"
False,same,sigmoid,sgd,3,66,0.001,0.01,0.001,274,56,75,0.3,tanh,"[1, 4, 8]",relu,128,2.49385237694,0.501841723919,0.501957893372,0.493975937366,2.49335002899,0.510416686535,0.508379876614,0.505720853806,"[[ 969 2125]
 [ 813 2261]]"
False,same,sigmoid,sgd,1,70,0.05,0.1,0.001,282,54,75,0.3,tanh,[1],relu,128,0.702414751053,0.500378131866,0.0,0.0,0.702454984188,0.500162780285,0.0,0.0,"[[   7 3087]
 [   8 3066]]"
False,same,sigmoid,sgd,5,60,0.025,0.01,0.01,266,42,75,0.2,relu,"[1, 1, 1, 1, 1]",tanh,64,1.45935738087,0.500280082226,0.0,0.0,1.45935249329,0.506510436535,0.0,0.0,"[[3094    0]
 [3074    0]]"
True,same,sigmoid,sgd,1,62,0.001,0.01,0.001,290,42,75,0.001,relu,[1],relu,128,0.901847302914,0.505647063255,0.505259215832,0.529767692089,0.901695728302,0.507486999035,0.500912964344,0.542876005173,"[[2033 1061]
 [2153  921]]"
True,same,sigmoid,sgd,5,76,0.01,0.1,0.01,262,50,75,0.2,tanh,"[1, 1, 1, 1, 1]",relu,256,15.4137182236,0.499351590872,0.499351590872,1.0,15.4136600494,0.499752104282,0.499752104282,1.0,"[[   0 3094]
 [   0 3074]]"
True,same,sigmoid,sgd,4,76,0.025,0.01,0.01,298,50,75,0.01,tanh,"[1, 2, 4, 6]",tanh,256,1.03321099281,0.500760316849,0.500997006893,0.345123648643,1.03271770477,0.50667321682,0.5,0.345100611448,"[[3087    7]
 [3073    1]]"
False,same,sigmoid,sgd,1,60,0.001,0.01,0.0001,286,42,75,0.2,relu,[1],relu,64,0.751436471939,0.499452024698,0.49952763319,0.618180036545,0.751486241817,0.50146484375,0.495807111263,0.62421643734,"[[ 724 2370]
 [ 340 2734]]"
True,same,sigmoid,sgd,6,68,0.025,0.1,0.001,268,40,75,0.01,tanh,"[1, 1, 1, 1, 1, 1]",tanh,128,1.45939075947,0.499743878841,0.499743878841,1.0,1.45953667164,0.497603684664,0.497603684664,1.0,"[[   0 3094]
 [   0 3074]]"
True,same,sigmoid,sgd,6,70,0.001,0.01,0.001,280,48,75,0.01,relu,"[1, 1, 1, 1, 1, 1]",tanh,128,18.9427623749,0.499939024448,0.499492228031,0.528420746326,18.9386749268,0.506510436535,0.502977132797,0.526057064533,"[[3078   16]
 [3065    9]]"
True,same,sigmoid,sgd,2,72,0.001,0.1,0.01,294,42,75,0.01,tanh,"[1, 2]",tanh,64,15.6869115829,0.500937700272,0.500715315342,0.562755823135,15.6863365173,0.500572383404,0.498388528824,0.558987855911,"[[3084   10]
 [3064   10]]"
False,same,sigmoid,sgd,5,66,0.005,0.01,0.001,296,44,75,0.001,relu,"[1, 2, 4, 4, 2]",relu,128,3.85927891731,0.504354178905,0.504579782486,0.489049345255,3.85926198959,0.510416686535,0.508796155453,0.482183754444,"[[ 108 2986]
 [  50 3024]]"
True,same,sigmoid,sgd,2,66,0.01,0.01,0.01,284,48,75,0.2,relu,"[1, 1]",relu,128,0.991882801056,0.499743878841,0.499743878841,1.0,0.991891682148,0.497107923031,0.497107923031,0.999999940395,"[[   0 3094]
 [   0 3074]]"
True,same,sigmoid,sgd,5,70,0.001,0.01,0.001,280,48,75,0.2,relu,"[1, 2, 4, 4, 2]",tanh,256,5.63845348358,0.496415227652,0.496715337038,0.53278529644,5.63822078705,0.4970703125,0.495620638132,0.53609931469,"[[  36 3058]
 [  15 3059]]"
False,same,sigmoid,sgd,2,70,0.005,0.1,0.0001,258,44,75,0.01,tanh,"[1, 2]",tanh,256,2.77889251709,0.498274922371,0.497882962227,0.449035555124,2.7783973217,0.50439453125,0.502199411392,0.448151797056,"[[1633 1461]
 [1717 1357]]"
False,same,sigmoid,sgd,2,68,0.025,0.01,0.01,250,48,75,0.2,relu,"[1, 2]",tanh,128,0.759372830391,0.500256121159,0.0,0.0,0.759374082088,0.499837249517,0.0,0.0,"[[3094    0]
 [3074    0]]"
False,same,sigmoid,sgd,2,60,0.005,0.01,0.01,296,44,75,0.1,tanh,"[1, 2]",tanh,128,0.714993417263,0.499719500542,0.499719500542,1.0,0.714992702007,0.50048828125,0.50048828125,1.0,"[[   0 3094]
 [   0 3074]]"
False,same,sigmoid,sgd,3,60,0.025,0.01,0.01,278,56,75,0.0,tanh,"[1, 2, 4]",relu,64,0.82682299614,0.499866068363,0.0,0.0,0.826750397682,0.50634765625,0.0,0.0,"[[3094    0]
 [3074    0]]"
False,same,sigmoid,sgd,4,78,0.001,0.01,0.001,258,46,75,0.1,relu,"[1, 4, 8, 8]",relu,128,2.86766958237,0.502549111843,0.502328634262,0.521081387997,2.86761188507,0.497721374035,0.493747979403,0.505415201187,"[[ 320 2774]
 [ 145 2929]]"
True,same,sigmoid,sgd,1,72,0.001,0.1,0.001,266,52,75,0.0,tanh,[1],relu,256,1.2672816515,0.50167620182,0.501550674438,0.340748727322,1.26789498329,0.48828125,0.481921970844,0.330182522535,"[[1463 1631]
 [1585 1489]]"
False,same,sigmoid,sgd,1,62,0.05,0.1,0.001,286,54,75,0.1,relu,[1],tanh,64,0.693768084049,0.500036537647,0.500036537647,1.0,0.693757295609,0.50374352932,0.50374352932,1.0,"[[   0 3094]
 [   0 3074]]"
False,same,sigmoid,sgd,3,74,0.001,0.1,0.0001,258,46,75,0.01,relu,"[1, 4, 8]",tanh,128,3.5930929184,0.501988053322,0.502148091793,0.433486223221,3.5934586525,0.50130212307,0.506594240665,0.421562284231,"[[1550 1544]
 [1059 2015]]"
True,same,sigmoid,sgd,3,76,0.005,0.1,0.001,268,42,75,0.1,tanh,"[1, 1, 1]",tanh,256,8.94978046417,0.496806740761,0.49618652463,0.445945948362,8.95038509369,0.4912109375,0.486905187368,0.432078540325,"[[   7 3087]
 [   7 3067]]"
True,same,sigmoid,sgd,4,60,0.025,0.1,0.0001,278,40,75,0.2,relu,"[1, 1, 1, 1]",tanh,256,0.701844871044,0.498690903187,0.497547239065,0.372672945261,0.701837778091,0.492513030767,0.496086925268,0.368064522743,"[[   1 3093]
 [   0 3074]]"
True,same,sigmoid,sgd,2,72,0.001,0.01,0.001,254,50,75,0.0,tanh,"[1, 2]",tanh,256,3.56620621681,0.501064479351,0.500609219074,0.704088151455,3.56826877594,0.4921875,0.495114028454,0.691358029842,"[[  48 3046]
 [  11 3063]]"
False,same,sigmoid,sgd,2,72,0.001,0.1,0.01,264,44,75,0.1,tanh,"[1, 2]",tanh,256,24.833366394,0.503291189671,0.502869486809,0.617228388786,24.8320465088,0.504379451275,0.500272929668,0.610796391964,"[[1609 1485]
 [1711 1363]]"
True,same,sigmoid,sgd,1,66,0.001,0.1,0.001,256,46,75,0.001,tanh,[1],tanh,256,1.14505267143,0.49866643548,0.498612552881,0.448402434587,1.14384078979,0.506032049656,0.508990824223,0.456550359726,"[[2168  926]
 [2164  910]]"
True,same,sigmoid,sgd,5,64,0.005,0.1,0.001,286,54,75,0.3,relu,"[1, 4, 8, 8, 4]",relu,256,4.77537822723,0.50214111805,0.50177282095,0.505950331688,4.77545404434,0.50081384182,0.501458704472,0.502925872803,"[[3086    8]
 [3062   12]]"
True,same,sigmoid,sgd,1,60,0.05,0.1,0.0001,256,52,75,0.1,relu,[1],relu,64,0.694127738476,0.49954944849,0.499612808228,0.848837792873,0.69411611557,0.495768249035,0.493709474802,0.854221642017,"[[  15 3079]
 [  10 3064]]"
True,same,sigmoid,sgd,2,62,0.025,0.1,0.01,252,58,75,0.0,tanh,"[1, 2]",tanh,256,1.06768798828,0.503340125084,0.506206095219,0.257563889027,1.0682374239,0.496419280767,0.4905166924,0.24469819665,"[[3065   29]
 [3046   28]]"
True,same,sigmoid,sgd,5,74,0.025,0.1,0.01,278,54,75,0.2,relu,"[1, 4, 8, 8, 4]",relu,64,1.02192592621,0.501522183418,0.501170098782,0.636350333691,1.02198576927,0.499348968267,0.504651129246,0.627570688725,"[[   8 3086]
 [   5 3069]]"
False,same,sigmoid,sgd,6,76,0.05,0.1,0.001,250,42,75,0.1,tanh,"[1, 2, 4, 6, 8, 10]",tanh,128,0.697646260262,0.499865859747,0.499865859747,1.0,0.697612702847,0.5048828125,0.5048828125,0.999999940395,"[[   0 3094]
 [   0 3074]]"
True,same,sigmoid,sgd,4,62,0.025,0.1,0.01,298,44,75,0.2,tanh,"[1, 1, 1, 1]",relu,256,1.45850324631,0.498201519251,0.498693913221,0.775851964951,1.45862674713,0.497884124517,0.498650074005,0.78157556057,"[[3053   41]
 [3050   24]]"
True,same,sigmoid,sgd,4,68,0.05,0.01,0.0001,298,40,75,0.3,relu,"[1, 1, 1, 1]",tanh,256,1.4525963068,0.499596267939,0.49952173233,0.997795343399,1.45253515244,0.50439453125,0.503830492496,0.999676585197,"[[   0 3094]
 [   1 3073]]"
False,same,sigmoid,sgd,2,64,0.025,0.01,0.001,268,48,75,0.1,relu,"[1, 2]",tanh,64,0.833162903786,0.500158309937,0.500158309937,1.0,0.833157718182,0.50130212307,0.50130212307,1.0,"[[2619  475]
 [2928  146]]"
True,same,sigmoid,sgd,4,64,0.005,0.1,0.01,292,42,75,0.2,tanh,"[1, 2, 4, 6]",tanh,256,8.24256229401,0.497393995523,0.497800976038,0.681882739067,8.24161624908,0.501953125,0.501897513866,0.687906384468,"[[  13 3081]
 [   9 3065]]"
True,same,sigmoid,sgd,5,68,0.005,0.01,0.001,252,40,75,0.2,relu,"[1, 4, 8, 8, 4]",relu,64,0.771800816059,0.507343113422,0.5037150383,0.977733373642,0.771677613258,0.499674499035,0.496818482876,0.977272748947,"[[  21 3073]
 [   8 3066]]"
True,same,sigmoid,sgd,4,68,0.05,0.1,0.001,288,46,75,0.3,tanh,"[1, 2, 4, 4]",relu,64,0.765899717808,0.499963492155,0.0,0.0,0.766141355038,0.498860687017,0.0,0.0,"[[3094    0]
 [3074    0]]"
True,same,sigmoid,sgd,5,60,0.005,0.01,0.0001,270,58,75,0.01,tanh,"[1, 2, 4, 6, 8]",tanh,256,1.7386046648,0.497149318457,0.496379196644,0.443138420582,1.7381978035,0.4970703125,0.497863233089,0.454191029072,"[[3057   37]
 [3058   16]]"
False,same,sigmoid,sgd,5,64,0.001,0.01,0.001,258,40,75,0.001,tanh,"[1, 1, 1, 1, 1]",relu,128,13.5789871216,0.498694956303,0.498825579882,0.809114456177,13.5792560577,0.50227868557,0.500101208687,0.807780385017,"[[2536  558]
 [2752  322]]"
True,same,sigmoid,sgd,3,68,0.01,0.1,0.0001,284,50,75,0.1,tanh,"[1, 4, 8]",tanh,128,1.08208668232,0.502134442329,0.501268744469,0.694414615631,1.08011603355,0.51155602932,0.508369207382,0.692282676697,"[[ 147 2947]
 [ 104 2970]]"
True,same,sigmoid,sgd,3,70,0.05,0.1,0.01,254,50,75,0.1,tanh,"[1, 1, 1]",relu,64,2.269282341,0.499792993069,0.499792993069,1.0,2.26935601234,0.498773515224,0.498773515224,1.0,"[[  61 3033]
 [  33 3041]]"
False,same,sigmoid,sgd,6,78,0.05,0.1,0.001,298,54,75,0.01,tanh,"[1, 2, 4, 4, 2, 1]",tanh,64,0.704269766808,0.499646872282,0.499646872282,1.0,0.704280138016,0.496974647045,0.496974647045,1.0,"[[   0 3094]
 [   0 3074]]"
True,same,sigmoid,sgd,1,68,0.001,0.1,0.001,256,48,75,0.0,relu,[1],tanh,64,0.840828895569,0.496358901262,0.496874630451,0.592516839504,0.840939044952,0.491861999035,0.497941255569,0.583842933178,"[[1320 1774]
 [1198 1876]]"
True,same,sigmoid,sgd,2,68,0.001,0.1,0.001,298,58,75,0.3,relu,"[1, 1]",tanh,128,8.15648078918,0.504061460495,0.503014564514,0.61507666111,8.15747451782,0.489583343267,0.489964276552,0.581782579422,"[[3075   19]
 [3066    8]]"
True,same,sigmoid,sgd,2,70,0.025,0.01,0.01,252,40,75,0.001,relu,"[1, 1]",tanh,256,1.05791521072,0.499376058578,0.499314576387,0.999705910683,1.05747461319,0.503222584724,0.503305792809,0.999671697617,"[[   0 3094]
 [   4 3070]]"
True,same,sigmoid,sgd,2,70,0.05,0.01,0.001,286,54,75,0.2,tanh,"[1, 2]",tanh,64,0.834725439548,0.499866068363,0.499815911055,0.59519636631,0.834857940674,0.50081384182,0.503102242947,0.603559911251,"[[   4 3090]
 [   2 3072]]"
False,same,sigmoid,sgd,5,68,0.001,0.01,0.0001,262,50,75,0.01,tanh,"[1, 1, 1, 1, 1]",relu,64,4.75500488281,0.499792993069,0.499768674374,0.894839465618,4.75542736053,0.49811938405,0.497236579657,0.888121128082,"[[ 453 2641]
 [ 283 2791]]"
False,same,sigmoid,sgd,1,72,0.01,0.1,0.0001,264,58,75,0.0,relu,[1],relu,64,0.693264782429,0.500669777393,0.500276446342,0.969986379147,0.693265795708,0.502115905285,0.500334143639,0.977799534798,"[[  10 3084]
 [   6 3068]]"
False,same,sigmoid,sgd,3,66,0.01,0.01,0.0001,296,40,75,0.01,relu,"[1, 2, 4]",tanh,256,1.59281778336,0.499522864819,0.498706042767,0.48171749711,1.59302008152,0.500247895718,0.50355809927,0.48801317811,"[[1181 1913]
 [1076 1998]]"
True,same,sigmoid,sgd,6,60,0.001,0.1,0.01,272,56,75,0.001,relu,"[1, 2, 4, 4, 2, 1]",tanh,128,51.8115386963,0.495109170675,0.495336174965,0.546932220459,51.8115272522,0.493967950344,0.491837978363,0.540890932083,"[[   2 3092]
 [   2 3072]]"
True,same,sigmoid,sgd,1,78,0.01,0.1,0.01,278,56,75,0.01,relu,[1],relu,64,0.740032792091,0.498770087957,0.499264001846,0.942016303539,0.739914119244,0.506510436535,0.504476606846,0.950064837933,"[[ 845 2249]
 [ 815 2259]]"
False,same,sigmoid,sgd,6,74,0.005,0.01,0.0001,260,54,75,0.1,tanh,"[1, 2, 4, 4, 2, 1]",relu,128,2.09493660927,0.500207364559,0.500032365322,0.376964390278,2.09498357773,0.49512475729,0.496080130339,0.375041157007,"[[  48 3046]
 [  17 3057]]"
True,same,sigmoid,sgd,4,66,0.05,0.1,0.001,278,48,75,0.1,relu,"[1, 2, 4, 4]",relu,256,0.701416254044,0.500379323959,0.500429987907,0.398688346148,0.701362371445,0.495442718267,0.49482485652,0.404359161854,"[[3092    2]
 [3071    3]]"
False,same,sigmoid,sgd,2,72,0.05,0.1,0.001,296,42,75,0.3,relu,"[1, 1]",relu,64,,,,,,,,,
False,same,sigmoid,sgd,2,70,0.05,0.1,0.0001,260,42,75,0.1,relu,"[1, 4]",relu,64,469553.9375,0.499792993069,0.499792993069,1.0,469553.1875,0.496974647045,0.496974647045,1.0,"[[   0 3094]
 [   0 3074]]"
True,same,sigmoid,sgd,3,70,0.001,0.01,0.01,278,50,75,0.001,tanh,"[1, 2, 4]",tanh,256,14.1511907578,0.502679467201,0.502291560173,0.568624556065,14.161403656,0.49132373929,0.493993580341,0.55515307188,"[[   3 3091]
 [   5 3069]]"
False,same,sigmoid,sgd,4,72,0.001,0.01,0.001,298,58,75,0.001,relu,"[1, 2, 4, 4]",tanh,256,5.40371370316,0.498935580254,0.499144375324,0.842883765697,5.40376186371,0.498860687017,0.498066484928,0.842105329037,"[[ 877 2217]
 [ 913 2161]]"
False,same,sigmoid,sgd,6,72,0.05,0.1,0.01,284,46,75,0.01,relu,"[1, 2, 4, 6, 8, 10]",tanh,64,1.13886547089,0.499719917774,0.499719917774,1.0,1.13886106014,0.50390625,0.50390625,1.0,"[[   0 3094]
 [   0 3074]]"
True,same,sigmoid,sgd,5,78,0.01,0.1,0.001,282,56,75,0.001,relu,"[1, 1, 1, 1, 1]",relu,256,,,,,,,,,
False,same,sigmoid,sgd,1,78,0.001,0.1,0.01,252,58,75,0.1,relu,[1],tanh,64,,,,,,,,,
False,same,sigmoid,sgd,2,76,0.01,0.001,0.01,282,48,75,0.1,tanh,"[1, 1]",relu,64,0.837151348591,0.499719917774,0.499719917774,1.0,0.837160468102,0.497884124517,0.497884124517,1.0,"[[   0 3094]
 [   0 3074]]"
False,same,sigmoid,sgd,1,78,0.025,0.001,0.001,256,44,75,0.1,relu,[1],relu,128,0.820718050003,0.500378131866,0.58333337307,0.000341730134096,0.820720136166,0.495455294847,0.0,0.0,"[[2034 1060]
 [1927 1147]]"
False,same,sigmoid,sgd,2,78,0.005,0.001,0.01,284,40,75,0.001,relu,"[1, 4]",relu,128,5.71400499344,0.506232500076,0.50489115715,0.624695003033,5.71395874023,0.502726793289,0.49986577034,0.619015932083,"[[  15 3079]
 [  18 3056]]"
False,same,sigmoid,sgd,2,70,0.001,0.01,0.01,280,56,75,0.0,relu,"[1, 4]",relu,256,,,,,,,,,
True,same,sigmoid,sgd,1,68,0.025,0.01,0.001,286,42,75,0.001,relu,[1],relu,64,,,,,,,,,
True,same,sigmoid,sgd,1,68,0.025,0.01,0.001,286,42,75,0.001,relu,[1],relu,64,,,,,,,,,
True,same,sigmoid,sgd,1,68,0.025,0.01,0.001,286,42,75,0.001,relu,[1],relu,64,,,,,,,,,
True,same,sigmoid,sgd,1,68,0.025,0.01,0.001,286,42,75,0.001,relu,[1],relu,64,0.694271683693,0.499427676201,0.49590164423,0.0648287981749,0.694208085537,0.493977874517,0.483950644732,0.0633074939251,"[[1626 1468]
 [1696 1378]]"
True,same,sigmoid,sgd,1,68,0.025,0.01,0.001,286,42,75,0.001,relu,[1],relu,64,,,,,,,,,
True,same,sigmoid,sgd,1,68,0.025,0.01,0.001,286,42,75,0.001,relu,[1],relu,64,,,,,,,,,
True,same,sigmoid,sgd,1,68,0.025,0.01,0.001,286,42,75,0.001,relu,[1],relu,64,,,,,,,,,
True,same,sigmoid,sgd,1,68,0.025,0.01,0.001,286,42,75,0.001,relu,[1],relu,64,,,,,,,,,
True,same,sigmoid,sgd,1,68,0.025,0.01,0.001,286,42,75,0.001,relu,[1],relu,64,,,,,,,,,
